Isolate,ST,New.ST,Contamination,adk,fumC,gyrB,icd,mdh,purA,recA,Phylogroup,goeBurst.Group,ST.1,adk.1,fumC.1,gyrB.1,icd.1,mdh.1,purA.1,recA.1,Supplier.Name,GU.identifier,Other.s.identifier.name,Isolated.from,Year.of.isolation,Place.of.isolation,Reference,Sequencing.plate,Sequencing.plate.barcode,Sequencing.plate.position,plate,Plate_1,Ampicillin,Cefotaxime,Ceftazidime,Cefuroxime,Cephalothin,Ciprofloxacin,Gentamycin,Tobramycin,Trimethoprim,Lane,Sample,Public.Name,Strain,Species,Total,Unclassified,Escherichia.coli,Enterobacter.cloacae,Salmonella.enterica,Enterobacter.asburiae,Run,Country,ST_N,DataBase,Phylogroup_N,Human_N,Collection.Year,Source,Continet,Spieces,Kingdom,Phylum,Class,Order,Family,Genus
24742_1#104,423,,,6,4,33,1,20,12,7,B1,2,423,6,4,33,1,20,12,7,24742_1#104,GU775,Perognathus penicillatus (821),Perognathus penicillatus,NA,Mexico,V. Souza et al., Appl. Environ. Microbiol. 65, 3373–3385 (1999).,Sequencing 2,DN504224T,E8,2,PLATE2_E8,S,S,S,S,S,S,S,S,S,5059STDY7174589,PLATE2_E8,24742_1#104,725124,3.61,49.18,0.04,0.2,0.01,24742_1#104,Mexico,423,Souza,B1,Non,NF,Animal,North America,Perognathus penicillatus,Animalia,Chordata,Mammalia,Rodentia,Heteromyidae,Perognathus
24742_1#106,69,,,21,35,27,6,5,5,4,D,3,69,21,35,27,6,5,5,4,24742_1#106,GU791,Sigmodon mascotensis (68),Sigmodon mascotensis,NA,Mexico,V. Souza et al., Appl. Environ. Microbiol. 65, 3373–3385 (1999).,Sequencing 2,DN504224T,G8,2,PLATE2_G8,S,S,S,S,S,S,S,S,S,5059STDY7174591,PLATE2_G8,24742_1#106,708924,1.52,85.93,0.02,0.18,0,24742_1#106,Mexico,69,Souza,D,Non,NF,Animal,North America,Sigmodon mascotensis,Animalia,Chordata,Mammalia,Rodentia,Cricetidae,Sigmodon
24742_1#107,1308,,,6,6,33,1,24,8,7,,94,1308,6,6,33,1,24,8,7,24742_1#107,GU803,Tapirus bairdii (1937),Tapirus bairdii ,NA,Mexico,V. Souza et al., Appl. Environ. Microbiol. 65, 3373–3385 (1999).,Sequencing 2,DN504224T,H8,2,PLATE2_H8,R,S,S,S,S,S,S,S,S,5059STDY7174592,PLATE2_H8,24742_1#107,715058,2.65,46.65,0.14,0.5,0,24742_1#107,Mexico,1308,Souza,NF,Non,NF,Animal,North America,Tapirus bairdii ,Animalia,Chordata,Mammalia,Perissodactyla,Tapiridae,Tapirus
24742_1#110,1172,,,6,6,14,18,7,18,6,,460,1172,6,6,14,18,7,18,6,24742_1#110,GU781,Peromyscus sp. (72),Peromyscus sp.,NA,Mexico,V. Souza et al., Appl. Environ. Microbiol. 65, 3373–3385 (1999).,Sequencing 2,DN504224T,C9,2,PLATE2_C9,R,S,S,S,S,S,S,S,S,5059STDY7174595,PLATE2_C9,24742_1#110,979446,2.82,46.26,0.22,0.14,0.01,24742_1#110,Mexico,1172,Souza,NF,Non,NF,Animal,North America,Peromyscus sp.,Animalia,Chordata,Mammalia,Rodentia,Cricetidae,Peromyscus
24742_1#113,538,,,13,40,19,13,36,28,30,B2,23,538,13,40,19,13,36,28,30,24742_1#113,GU783,Philander opossum (1698),Philander opossum,NA,Mexico,V. Souza et al., Appl. Environ. Microbiol. 65, 3373–3385 (1999).,Sequencing 2,DN504224T,F9,2,PLATE2_F9,R,S,S,S,S,S,S,S,S,5059STDY7174598,PLATE2_F9,24742_1#113,790477,2.08,86.89,0.02,0.28,0,24742_1#113,Mexico,538,Souza,B2,Non,NF,Animal,North America,Philander opossum,Animalia,Chordata,Mammalia,Didelphimorphia,Didelphidae,Philander
24742_1#111,1721,,,222,11,4,8,8,8,2,A,0,1721,222,11,4,8,8,8,2,24742_1#111,GU805,Tapirus terrestris (2382),Tapirus terrestris ,NA,Venezuela,V. Souza et al., Appl. Environ. Microbiol. 65, 3373–3385 (1999).,Sequencing 2,DN504224T,D9,2,PLATE2_D9,R,S,S,S,S,S,S,S,S,5059STDY7174596,PLATE2_D9,24742_1#111,831730,1.29,52.17,0.03,2.32,0.01,24742_1#111,Venezuela,1721,Souza,A,Non,NF,Animal,South America,Tapirus terrestris ,Animalia,Chordata,Mammalia,Perissodactyla,Tapiridae,Tapirus
24742_1#118,2357,,,6,355,4,8,8,8,2,A,0,2357,6,355,4,8,8,8,2,24742_1#118,GU784,Procyon lotor (2064),Procyon lotor,NA,Mexico,V. Souza et al., Appl. Environ. Microbiol. 65, 3373–3385 (1999).,Sequencing 2,DN504224T,C10,2,PLATE2_C10,S,S,S,S,S,S,S,S,S,5059STDY7174603,PLATE2_C10,24742_1#118,826941,3.49,53.88,0.09,1.14,0.14,24742_1#118,Mexico,2357,Souza,A,Non,NF,Animal,North America,Procyon lotor,Animalia,Chordata,Mammalia,Carnivora,Procyonidae,Procyon
24742_1#114,1248,,,6,29,12,1,9,8,7,B1,2,1248,6,29,12,1,9,8,7,24742_1#114,GU807,Trichechus manatus (1735),Trichechus manatus ,NA,Mexico,V. Souza et al., Appl. Environ. Microbiol. 65, 3373–3385 (1999).,Sequencing 2,DN504224T,G9,2,PLATE2_G9,S,S,S,S,S,S,S,S,S,5059STDY7174599,PLATE2_G9,24742_1#114,860886,2.1,48.67,0.05,0.27,0,24742_1#114,Mexico,1248,Souza,B1,Non,NF,Animal,North America,Trichechus manatus ,Animalia,Chordata,Mammalia,Sirenia,Trichechidae,Trichechus
24742_1#119,1248,,,6,29,12,1,9,8,7,B1,2,1248,6,29,12,1,9,8,7,24742_1#119,GU808,Trichechus manatus (1736),Trichechus manatus,NA,Mexico,V. Souza et al., Appl. Environ. Microbiol. 65, 3373–3385 (1999).,Sequencing 2,DN504224T,D10,2,PLATE2_D10,S,S,S,S,S,S,S,S,S,5059STDY7174604,PLATE2_D10,24742_1#119,924284,2.12,48.6,0.05,0.29,0.01,24742_1#119,Mexico,1248,Souza,B1,Non,NF,Animal,North America,Trichechus manatus ,Animalia,Chordata,Mammalia,Sirenia,Trichechidae,Trichechus
24742_1#22,423,,,6,4,33,1,20,12,7,B1,2,423,6,4,33,1,20,12,7,24742_1#22,GU776,Perognathus penicillatus (822),Perognathus penicillatus,NA,Mexico,V. Souza et al., Appl. Environ. Microbiol. 65, 3373–3385 (1999).,Sequencing 1,DN504223S,A7,1,PLATE1_A7,S,S,S,S,S,S,S,S,S,5059STDY7174481,PLATE1_A7,24742_1#22,877591,3.95,49.05,0.05,0.2,0.01,24742_1#22,Mexico,423,Souza,B1,Non,NF,Animal,North America,Perognathus penicillatus,Animalia,Chordata,Mammalia,Rodentia,Heteromyidae,Perognathus
24742_1#23,4291,,,47,39,19,37,17,25,10,B2,288,4291,47,39,19,37,17,25,10,24742_1#23,GU800,Tapirus bairdii (1666),Tapirus bairdii ,NA,Mexico,V. Souza et al., Appl. Environ. Microbiol. 65, 3373–3385 (1999).,Sequencing 1,DN504223S,C7,1,PLATE1_C7,R,S,S,S,S,S,S,S,S,5059STDY7174483,PLATE1_C7,24742_1#23,870195,1.38,87.76,0.05,0.45,0.01,24742_1#23,Mexico,4291,Souza,B2,Non,NF,Animal,North America,Tapirus bairdii ,Animalia,Chordata,Mammalia,Perissodactyla,Tapiridae,Tapirus
24742_1#24,130,,,18,22,20,6,5,5,4,D,3,130,18,22,20,6,5,5,4,24742_1#24,GU812,Urocyon cinereoargenteus (272),Urocyon cinereoargenteus,NA,Mexico,V. Souza et al., Appl. Environ. Microbiol. 65, 3373–3385 (1999).,Sequencing 1,DN504223S,D7,1,PLATE1_D7,R,S,S,S,S,S,S,S,S,5059STDY7174484,PLATE1_D7,24742_1#24,715368,1.53,83,0.09,0.5,0.03,24742_1#24,Mexico,130,Souza,D,Non,NF,Animal,North America,Urocyon cinereoargenteus,Animalia,Chordata,Mammalia,Carnivora,Canidae,Urocyon
24742_1#27,2350,,,6,19,14,16,11,12,7,B1,96,2350,6,19,14,16,11,12,7,24742_1#27,GU695,Canis familiaris (2),Canis familiaris,NA,Mexico,V. Souza et al., Appl. Environ. Microbiol. 65, 3373–3385 (1999).,Sequencing 1,DN504223S,G7,1,PLATE1_G7,R,S,S,S,S,S,S,S,S,5059STDY7174487,PLATE1_G7,24742_1#27,753267,0.83,49.25,0.05,0.06,0.01,24742_1#27,Mexico,2350,Souza,B1,Non,NF,Animal,North America,Canis familiaris,Animalia,Chordata,Mammalia,Carnivora,Canidae,Canis
24742_1#28,28,,,13,21,13,22,17,14,15,B2,29,28,13,21,13,22,17,14,15,24742_1#28,GU777,Peromyscus boylii (96),Peromyscus boylii,NA,Mexico,V. Souza et al., Appl. Environ. Microbiol. 65, 3373–3385 (1999).,Sequencing 1,DN504223S,A8,1,PLATE1_A8,S,S,S,S,S,S,S,S,S,5059STDY7174489,PLATE1_A8,24742_1#28,831999,3.54,82.38,0.05,0.53,0,24742_1#28,Mexico,28,Souza,B2,Non,NF,Animal,North America,Peromyscus boylii,Animalia,Chordata,Mammalia,Rodentia,Cricetidae,Peromyscus
24742_1#295,641,,,9,6,33,131,24,8,7,B1,12,641,9,6,33,131,24,8,7,24742_1#295,GU788,Romerolagus diazi (2373),Romerolagus diazi,NA,Mexico,V. Souza et al., Appl. Environ. Microbiol. 65, 3373–3385 (1999).,Sequencing 1,DN504223S,B7,1,PLATE1_B7,R,S,S,S,S,S,S,S,S,5059STDY7174482,PLATE1_B7,24742_1#295,634725,3.69,49.14,0.04,0.08,0.01,24742_1#295,Mexico,641,Souza,B1,Non,NF,Animal,North America,Romerolagus diazi,Animalia,Chordata,Mammalia,Lagomorpha,Leporidae,Romerolagus
24742_1#298,847,,,6,6,5,26,9,13,98,B1,45,847,6,6,5,26,9,13,98,24742_1#298,GU743,Liomys pictus (76),Liomys pictus ,NA,Mexico,V. Souza et al., Appl. Environ. Microbiol. 65, 3373–3385 (1999).,Sequencing 1,DN504223S,H8,1,PLATE1_H8,R,S,S,S,S,S,S,S,S,5059STDY7174496,PLATE1_H8,24742_1#298,781120,6.13,45.35,0.02,0.47,0.01,24742_1#298,Mexico,847,Souza,B1,Non,NF,Animal,North America,Liomys pictus ,Animalia,Chordata,Mammalia,Rodentia,Heteromyidae,Heteromys
24742_1#299,2337,,,34,36,39,87,67,233,4,D,26,2337,34,36,39,87,67,233,4,24742_1#299,GU767,Ovis aries (1967),Ovis aries ,NA,Mexico,V. Souza et al., Appl. Environ. Microbiol. 65, 3373–3385 (1999).,Sequencing 1,DN504223S,G9,1,PLATE1_G9,S,S,S,S,S,S,S,S,S,5059STDY7174503,PLATE1_G9,24742_1#299,839399,2.47,77.06,0.09,0.71,0.05,24742_1#299,Mexico,2337,Souza,D,Non,NF,Animal,North America,Ovis aries ,Animalia,Chordata,Mammalia,Artiodactyla,Bovidae,Ovis
24742_1#29,3906,Unknown,,332,U,193,844,23,314,142,,1091,3906,97,40,192,13,23,28,142,24742_1#29,GU719,Empidonax sp. (161),Empidonax sp. ,NA,Mexico,V. Souza et al., Appl. Environ. Microbiol. 65, 3373–3385 (1999).,Sequencing 1,DN504223S,B8,1,PLATE1_B8,R,S,R,S,S,S,S,S,R,5059STDY7174490,PLATE1_B8,24742_1#29,803059,37.63,11.75,1.96,0.68,0.5,24742_1#29,Mexico,3906,Souza,NF,Non,NF,Animal,North America,Empidonax sp. ,Animalia,Chordata,Aves,Passeriformes,Tyrannidae,Empidonax
24742_1#305,2739,,,6,11,102,8,8,8,2,A,0,2739,6,11,102,8,8,8,2,24742_1#305,GU709,Dasypus sp. (1940),Dasypus sp. ,NA,,V. Souza et al., Appl. Environ. Microbiol. 65, 3373–3385 (1999).,Sequencing 2,DN504224T,C1,2,PLATE2_C1,S,S,S,S,S,S,S,S,S,5059STDY7174531,PLATE2_C1,24742_1#305,776944,1.26,55.51,0.08,0.17,0.01,24742_1#305,NF,2739,Souza,A,Non,NF,Animal,NF,Dasypus sp. ,Animalia,Chordata,Mammalia,Cingulata,Dasypodidae,Dasypus
24742_1#306,2522,,,6,29,5,18,11,8,2,B1,1,2522,6,29,5,18,11,8,2,24742_1#306,GU757,Odocoeileus virginianus (1985),Odocoeileus virginianus ,NA,Mexico,V. Souza et al., Appl. Environ. Microbiol. 65, 3373–3385 (1999).,Sequencing 2,DN504224T,D1,2,PLATE2_D1,R,S,S,S,S,S,S,S,S,5059STDY7174532,PLATE2_D1,24742_1#306,488248,2.47,48.58,0.09,0.31,0,24742_1#306,Mexico,2522,Souza,B1,Non,NF,Animal,North America,Odocoeileus virginianus ,Animalia,Chordata,Mammalia,Artiodactyla,Cervidae,Odocoileus
24742_1#307,641,,,9,6,33,131,24,8,7,B1,12,641,9,6,33,131,24,8,7,24742_1#307,GU734,Homo sapiens (47),Homo sapiens,NA,Mexico,V. Souza et al., Appl. Environ. Microbiol. 65, 3373–3385 (1999).,Sequencing 2,DN504224T,E1,2,PLATE2_E1,R,S,S,S,S,S,S,S,S,5059STDY7174533,PLATE2_E1,24742_1#307,724516,1.88,48.54,0.06,0.18,0.01,24742_1#307,Mexico,641,Souza,B1,Human,NF,Human,North America,Homo sapiens,Animalia,Chordata,Mammalia,Primates,Hominidae,Homo
24742_1#308,4290,,,164,35,130,25,5,1,39,,1187,4290,164,35,130,25,5,1,39,24742_1#308,GU758,Odocoeileus virginianus (63),Odocoeileus virginianus ,NA,Mexico,V. Souza et al., Appl. Environ. Microbiol. 65, 3373–3385 (1999).,Sequencing 2,DN504224T,F1,2,PLATE2_F1,S,S,S,S,S,S,S,S,S,5059STDY7174534,PLATE2_F1,24742_1#308,698478,3.54,77.75,0.06,0.29,0.01,24742_1#308,Mexico,4290,Souza,NF,Non,NF,Animal,North America,Odocoeileus virginianus ,Animalia,Chordata,Mammalia,Artiodactyla,Cervidae,Odocoileus
24742_1#309,335,,,29,12,8,12,15,2,2,E,24,335,29,12,8,12,15,2,2,24742_1#309,GU699,Canis latrans (830),Canis latrans,NA,Mexico,V. Souza et al., Appl. Environ. Microbiol. 65, 3373–3385 (1999).,Sequencing 2,DN504224T,G1,2,PLATE2_G1,R,S,S,S,S,S,S,S,S,5059STDY7174535,PLATE2_G1,24742_1#309,655461,1.08,69.24,0.03,0.23,0,24742_1#309,Mexico,335,Souza,E,Non,NF,Animal,North America,Canis latrans,Animalia,Chordata,Mammalia,Carnivora,Canidae,Canis
24742_1#30,2814,,,87,276,53,24,55,178,2,,837,2814,87,276,53,24,55,178,2,24742_1#30,GU801,Tapirus bairdii (1667),Tapirus bairdii ,NA,Mexico,V. Souza et al., Appl. Environ. Microbiol. 65, 3373–3385 (1999).,Sequencing 1,DN504223S,C8,1,PLATE1_C8,S,S,S,S,S,S,S,S,S,5059STDY7174491,PLATE1_C8,24742_1#30,841094,3.48,51.45,0.09,0.24,0.03,24742_1#30,Mexico,2814,Souza,NF,Non,NF,Animal,North America,Tapirus bairdii ,Animalia,Chordata,Mammalia,Perissodactyla,Tapiridae,Tapirus
24742_1#310,2814,,,87,276,53,24,55,178,2,,837,2814,87,276,53,24,55,178,2,24742_1#310,GU748,Marmosa camescens (64),Marmosa camescens ,NA,Mexico,V. Souza et al., Appl. Environ. Microbiol. 65, 3373–3385 (1999).,Sequencing 2,DN504224T,E2,2,PLATE2_E2,S,S,S,S,S,S,S,S,S,5059STDY7174541,PLATE2_E2,24742_1#310,721759,4.92,51.69,0.09,0.15,0.05,24742_1#310,Mexico,2814,Souza,NF,Non,NF,Animal,North America,Marmosa camescens ,Animalia,Chordata,Mammalia,Didelphimorphia,Didelphidae,Tlacuatzin
24742_1#311,2248,,,6,6,15,16,7,23,7,B1,254,2248,6,6,15,16,7,23,7,24742_1#311,GU737,Leptonycteris nivalis (31),Leptonycteris nivalis,NA,Mexico,V. Souza et al., Appl. Environ. Microbiol. 65, 3373–3385 (1999).,Sequencing 2,DN504224T,B3,2,PLATE2_B3,R,S,S,S,S,S,S,S,S,5059STDY7174546,PLATE2_B3,24742_1#311,734792,3.61,49.62,0.08,0.06,0.1,24742_1#311,Mexico,2248,Souza,B1,Non,NF,Animal,North America,Leptonycteris nivalis,Animalia,Chordata,Mammalia,Chiroptera,Phyllostomidae,Leptonycteris
24742_1#312,129,,,6,23,3,26,9,7,7,B1,1,129,6,23,3,26,9,7,7,24742_1#312,GU761,Oryctolagus cuniculus (2357),Oryctolagus cuniculus ,NA,Mexico,V. Souza et al., Appl. Environ. Microbiol. 65, 3373–3385 (1999).,Sequencing 2,DN504224T,C3,2,PLATE2_C3,R,S,R,S,S,S,S,S,S,5059STDY7174547,PLATE2_C3,24742_1#312,746188,1.03,49.47,0.06,0.09,0.01,24742_1#312,Mexico,129,Souza,B1,Non,NF,Animal,North America,Oryctolagus cuniculus ,Animalia,Chordata,Mammalia,Lagomorpha,Leporidae,Oryctolagus
24742_1#313,7269,,,13,24,13,13,18,1,25,NA,NA,NA,NA,NA,NA,NA,NA,NA,NA,24742_1#313,GU739,Leptonycteris nivalis (36),Leptonycteris nivalis ,NA,Mexico,V. Souza et al., Appl. Environ. Microbiol. 65, 3373–3385 (1999).,Sequencing 2,DN504224T,A4,2,PLATE2_A4,R,S,S,S,S,S,S,S,S,5059STDY7174553,PLATE2_A4,24742_1#313,750930,3.01,82.96,0.02,2.4,0.01,24742_1#313,Mexico,7269,Souza,NF,Non,NF,Animal,North America,Leptonycteris nivalis ,Animalia,Chordata,Mammalia,Chiroptera,Phyllostomidae,Leptonycteris
24742_1#314,2521,,,6,19,3,135,11,8,6,B1,1,2521,6,19,3,135,11,8,6,24742_1#314,GU752,Nasua narica (2060),Nasua narica ,NA,Mexico,V. Souza et al., Appl. Environ. Microbiol. 65, 3373–3385 (1999).,Sequencing 2,DN504224T,G4,2,PLATE2_G4,R,S,S,S,S,S,S,S,S,5059STDY7174559,PLATE2_G4,24742_1#314,654617,1.26,48.75,0.04,0.22,0.01,24742_1#314,Mexico,2521,Souza,B1,Non,NF,Animal,North America,Nasua narica ,Animalia,Chordata,Mammalia,Carnivora,Procyonidae,Nasua
24742_1#315,363,,,13,38,84,13,17,64,26,B2,48,363,13,38,84,13,17,64,26,24742_1#315,GU764,Ovis aries (1965),Ovis aries ,NA,Mexico,V. Souza et al., Appl. Environ. Microbiol. 65, 3373–3385 (1999).,Sequencing 2,DN504224T,H4,2,PLATE2_H4,R,S,S,S,S,S,S,S,S,5059STDY7174560,PLATE2_H4,24742_1#315,804500,1.51,88.61,0.02,0.28,0,24742_1#315,Mexico,363,Souza,B2,Non,NF,Animal,North America,Ovis aries ,Animalia,Chordata,Mammalia,Artiodactyla,Bovidae,Ovis
24742_1#316,942,,,6,4,3,16,9,8,6,B1,1,942,6,4,3,16,9,8,6,24742_1#316,GU753,Nasua narica (2062),Nasua narica ,NA,Mexico,V. Souza et al., Appl. Environ. Microbiol. 65, 3373–3385 (1999).,Sequencing 2,DN504224T,F5,2,PLATE2_F5,R,S,S,S,S,S,S,S,S,5059STDY7174566,PLATE2_F5,24742_1#316,694735,0.96,47.99,0.08,0.24,0.01,24742_1#316,Mexico,942,Souza,B1,Non,NF,Animal,North America,Nasua narica ,Animalia,Chordata,Mammalia,Carnivora,Procyonidae,Nasua
24742_1#317,200,,,6,4,5,26,7,8,14,B1,1,200,6,4,5,26,7,8,14,24742_1#317,GU742,Liomys pictus (21),Liomys pictus,NA,Mexico,V. Souza et al., Appl. Environ. Microbiol. 65, 3373–3385 (1999).,Sequencing 2,DN504224T,A6,2,PLATE2_A6,R,S,S,S,S,S,S,S,S,5059STDY7174569,PLATE2_A6,24742_1#317,706324,2.25,49.79,0.02,0.11,0.01,24742_1#317,Mexico,200,Souza,B1,Non,NF,Animal,North America,Liomys pictus,Animalia,Chordata,Mammalia,Rodentia,Heteromyidae,Heteromys
24742_1#31,6188,,,6,19,5,18,11,7,7,NA,NA,NA,NA,NA,NA,NA,NA,NA,NA,24742_1#31,GU813,Urocyon cinereoargenteus (299),Urocyon cinereoargenteus,NA,Mexico,V. Souza et al., Appl. Environ. Microbiol. 65, 3373–3385 (1999).,Sequencing 1,DN504223S,D8,1,PLATE1_D8,R,S,S,S,S,S,S,S,S,5059STDY7174492,PLATE1_D8,24742_1#31,920821,1.06,48.56,0.04,0.06,0.01,24742_1#31,Mexico,6188,Souza,NF,Non,NF,Animal,North America,Urocyon cinereoargenteus,Animalia,Chordata,Mammalia,Carnivora,Canidae,Urocyon
24742_1#34,3290,,,36,442,9,13,16,11,240,B2,964,3290,36,442,9,13,16,11,240,24742_1#34,GU778,Peromyscus boylii (97),Peromyscus boylii,NA,Mexico,V. Souza et al., Appl. Environ. Microbiol. 65, 3373–3385 (1999).,Sequencing 1,DN504223S,A9,1,PLATE1_A9,S,S,S,S,S,S,S,S,S,5059STDY7174497,PLATE1_A9,24742_1#34,830053,1.31,88.7,0.04,0.16,0.01,24742_1#34,Mexico,3290,Souza,B2,Non,NF,Animal,North America,Peromyscus boylii,Animalia,Chordata,Mammalia,Rodentia,Cricetidae,Peromyscus
24742_1#35,737,,,6,4,32,26,9,8,7,B1,1,737,6,4,32,26,9,8,7,24742_1#35,GU790,Sigmodon mascotensis (67),Sigmodon mascotensis,NA,Mexico,V. Souza et al., Appl. Environ. Microbiol. 65, 3373–3385 (1999).,Sequencing 1,DN504223S,B9,1,PLATE1_B9,R,S,S,S,S,S,S,S,S,5059STDY7174498,PLATE1_B9,24742_1#35,797221,2.51,49.75,0.05,0.2,0.01,24742_1#35,Mexico,737,Souza,B1,Non,NF,Animal,North America,Sigmodon mascotensis,Animalia,Chordata,Mammalia,Rodentia,Cricetidae,Sigmodon
24742_1#36,2814,,,87,276,53,24,55,178,2,,837,2814,87,276,53,24,55,178,2,24742_1#36,GU802,Tapirus bairdii (1668),Tapirus bairdii ,NA,Mexico,V. Souza et al., Appl. Environ. Microbiol. 65, 3373–3385 (1999).,Sequencing 1,DN504223S,C9,1,PLATE1_C9,S,S,S,S,S,S,S,S,S,5059STDY7174499,PLATE1_C9,24742_1#36,848793,3.62,51.33,0.09,0.26,0.03,24742_1#36,Mexico,2814,Souza,NF,Non,NF,Animal,North America,Tapirus bairdii ,Animalia,Chordata,Mammalia,Perissodactyla,Tapiridae,Tapirus
24742_1#37,737,,,6,4,32,26,9,8,7,B1,1,737,6,4,32,26,9,8,7,24742_1#37,GU814,Urocyon cinereoargenteus (300),Urocyon cinereoargenteus,NA,Mexico,V. Souza et al., Appl. Environ. Microbiol. 65, 3373–3385 (1999).,Sequencing 1,DN504223S,D9,1,PLATE1_D9,R,S,S,S,S,S,S,S,S,5059STDY7174500,PLATE1_D9,24742_1#37,830760,1.31,49.75,0.05,0.08,0.01,24742_1#37,Mexico,737,Souza,B1,Non,NF,Animal,North America,Urocyon cinereoargenteus,Animalia,Chordata,Mammalia,Carnivora,Canidae,Urocyon
24742_1#41,1172,,,6,6,14,18,7,18,6,,460,1172,6,6,14,18,7,18,6,24742_1#41,GU780,Peromyscus sp. (71),Peromyscus sp.,NA,Mexico,V. Souza et al., Appl. Environ. Microbiol. 65, 3373–3385 (1999).,Sequencing 1,DN504223S,A10,1,PLATE1_A10,R,S,S,S,S,S,S,S,S,5059STDY7174505,PLATE1_A10,24742_1#41,772595,3,46.28,0.23,0.16,0.01,24742_1#41,Mexico,1172,Souza,NF,Non,NF,Animal,North America,Peromyscus sp.,Animalia,Chordata,Mammalia,Rodentia,Cricetidae,Peromyscus
24742_1#42,3858,,,9,6,33,131,9,8,7,B1,12,3858,9,6,33,131,9,8,7,24742_1#42,GU792,Sula nebouxi (137),Sula nebouxi ,NA,Mexico,V. Souza et al., Appl. Environ. Microbiol. 65, 3373–3385 (1999).,Sequencing 1,DN504223S,B10,1,PLATE1_B10,R,S,S,S,S,S,S,S,S,5059STDY7174506,PLATE1_B10,24742_1#42,764539,2.96,47.69,0.06,0.14,0.01,24742_1#42,Mexico,3858,Souza,B1,Non,NF,Animal,North America,Sula nebouxi ,Animalia,Chordata,Aves,Suliformes,Sulidae,Sula
24742_1#43,1721,,,222,11,4,8,8,8,2,A,0,1721,222,11,4,8,8,8,2,24742_1#43,GU804,Tapirus terrestris (2381),Tapirus terrestris ,NA,Venezuela,V. Souza et al., Appl. Environ. Microbiol. 65, 3373–3385 (1999).,Sequencing 1,DN504223S,C10,1,PLATE1_C10,R,S,S,S,S,S,S,S,S,5059STDY7174507,PLATE1_C10,24742_1#43,748454,1.72,51.46,0.05,2.32,0.01,24742_1#43,Venezuela,1721,Souza,A,Non,NF,Animal,South America,Tapirus terrestris ,Animalia,Chordata,Mammalia,Perissodactyla,Tapiridae,Tapirus
24742_1#44,3767,Novel ST,,6,8,12,1,7,18,2,B1,1070,3767,6,8,12,16,313,18,2,24742_1#44,GU817,Bos taurus (2376),Bos taurus,NA,Mexico,V. Souza et al., Appl. Environ. Microbiol. 65, 3373–3385 (1999).,Sequencing 1,DN504223S,D10,1,PLATE1_D10,R,S,S,S,S,S,S,S,S,5059STDY7174508,PLATE1_D10,24742_1#44,798332,5.5,44.34,0.06,0.33,0.01,24742_1#44,Mexico,3767,Souza,B1,Non,NF,Animal,North America,Bos taurus,Animalia,Chordata,Mammalia,Artiodactyla,Bovidae,Bos
24742_1#48,127,,,13,14,19,36,23,11,10,B2,17,127,13,14,19,36,23,11,10,24742_1#48,GU708,Dasypus sp. (2396),Dasypus sp. ,NA,Mexico,V. Souza et al., Appl. Environ. Microbiol. 65, 3373–3385 (1999).,Sequencing 1,DN504223S,H10,1,PLATE1_H10,S,S,S,S,S,S,S,S,S,5059STDY7174512,PLATE1_H10,24742_1#48,849550,0.79,89.79,0.02,0.15,0,24742_1#48,Mexico,127,Souza,B2,Non,NF,Animal,North America,Dasypus sp. ,Animalia,Chordata,Mammalia,Cingulata,Dasypodidae,Dasypus
24742_1#49,847,,,6,6,5,26,9,13,98,B1,45,847,6,6,5,26,9,13,98,24742_1#49,GU744,Liomys pictus (78),Liomys pictus ,NA,Mexico,V. Souza et al., Appl. Environ. Microbiol. 65, 3373–3385 (1999).,Sequencing 1,DN504223S,A11,1,PLATE1_A11,R,S,S,S,S,S,S,S,S,5059STDY7174513,PLATE1_A11,24742_1#49,779963,2.3,46.48,0.04,0.4,0.01,24742_1#49,Mexico,847,Souza,B1,Non,NF,Animal,North America,Liomys pictus ,Animalia,Chordata,Mammalia,Rodentia,Heteromyidae,Heteromys
24742_1#50,29,,,6,4,12,16,9,7,7,B1,13,29,6,4,12,16,9,7,7,24742_1#50,GU794,Sus scrofa domesticus (5014),Sus scrofa domesticus,NA,,V. Souza et al., Appl. Environ. Microbiol. 65, 3373–3385 (1999).,Sequencing 1,DN504223S,B11,1,PLATE1_B11,S,S,S,S,S,S,S,S,S,5059STDY7174514,PLATE1_B11,24742_1#50,719057,2.08,52.73,0.03,0.32,0,24742_1#50,NF,29,Souza,B1,Non,NF,Animal,NF,Sus scrofa domesticus,Animalia,Chordata,Mammalia,Artiodactyla,Suidae,Sus
24742_1#51,1582,,,6,4,4,1,9,26,2,B1,1,1582,6,4,4,1,9,26,2,24742_1#51,GU806,Tayassu tajacu (2055),Tayassu tajacu ,NA,Mexico,V. Souza et al., Appl. Environ. Microbiol. 65, 3373–3385 (1999).,Sequencing 1,DN504223S,C11,1,PLATE1_C11,R,S,S,S,S,S,S,S,S,5059STDY7174515,PLATE1_C11,24742_1#51,851242,0.84,47.91,0.05,0.16,0.01,24742_1#51,Mexico,1582,Souza,B1,Non,NF,Animal,North America,Tayassu tajacu ,Animalia,Chordata,Mammalia,Artiodactyla,Tayassuidae,Pecari
24742_1#59,3858,,,9,6,33,131,9,8,7,B1,12,3858,9,6,33,131,9,8,7,24742_1#59,GU685,Basileuterus belli (108),Basileuterus belli,NA,Mexico,V. Souza et al., Appl. Environ. Microbiol. 65, 3373–3385 (1999).,Sequencing 2,DN504224T,A1,2,PLATE2_A1,R,S,S,S,S,S,S,S,S,5059STDY7174529,PLATE2_A1,24742_1#59,886140,2.92,47.76,0.06,0.14,0.01,24742_1#59,Mexico,3858,Souza,B1,Non,NF,Animal,North America,Basileuterus belli,Animalia,Chordata,Aves,Passeriformes,Parulidae,Basileuterus
24742_1#60,335,,,29,12,8,12,15,2,2,E,24,335,29,12,8,12,15,2,2,24742_1#60,GU697,Canis latrans (824),Canis latrans,NA,Mexico,V. Souza et al., Appl. Environ. Microbiol. 65, 3373–3385 (1999).,Sequencing 2,DN504224T,B1,2,PLATE2_B1,R,S,S,S,S,S,S,S,S,5059STDY7174530,PLATE2_B1,24742_1#60,866127,1.38,68.55,0.03,0.48,0,24742_1#60,Mexico,335,Souza,E,Non,NF,Animal,North America,Canis latrans,Animalia,Chordata,Mammalia,Carnivora,Canidae,Canis
24742_1#61,867,,,6,4,5,1,8,8,2,A,0,867,6,4,5,1,8,8,2,24742_1#61,GU723,Felis catus (10),Felis catus ,NA,Mexico,V. Souza et al., Appl. Environ. Microbiol. 65, 3373–3385 (1999).,Sequencing 2,DN504224T,H1,2,PLATE2_H1,R,S,S,S,S,S,S,S,S,5059STDY7174536,PLATE2_H1,24742_1#61,804681,9.22,48.38,0.04,0.68,0.01,24742_1#61,Mexico,867,Souza,A,Non,NF,Animal,North America,Felis catus,Animalia,Chordata,Mammalia,Carnivora,Felidae,Felis
24742_1#62,2338,,,6,6,5,18,9,234,6,,724,2338,6,6,5,18,9,234,6,24742_1#62,GU768,Panthera onca (270),Panthera onca ,NA,Mexico,V. Souza et al., Appl. Environ. Microbiol. 65, 3373–3385 (1999).,Sequencing 2,DN504224T,A2,2,PLATE2_A2,R,S,S,S,S,S,S,S,S,5059STDY7174537,PLATE2_A2,24742_1#62,858313,1.09,49.28,0.04,0.26,0.02,24742_1#62,Mexico,2338,Souza,NF,Non,NF,Animal,North America,Panthera onca ,Animalia,Chordata,Mammalia,Carnivora,Felidae,Panthera
24742_1#63,713,,,86,24,19,13,23,50,17,,124,713,86,24,19,13,23,50,17,24742_1#63,GU688,Bassariscus astutus (817),Bassariscus astutus,NA,Mexico,V. Souza et al., Appl. Environ. Microbiol. 65, 3373–3385 (1999).,Sequencing 2,DN504224T,B2,2,PLATE2_B2,S,S,S,S,S,S,S,S,S,5059STDY7174538,PLATE2_B2,24742_1#63,745085,1.8,87.81,0.03,0.28,0.01,24742_1#63,Mexico,713,Souza,NF,Non,NF,Animal,North America,Bassariscus astutus,Animalia,Chordata,Mammalia,Carnivora,Procyonidae,Bassariscus
24742_1#64,1307,,,6,95,3,18,11,18,6,,77,1307,6,95,3,18,11,18,6,24742_1#64,GU712,Didelphis virginiana (2048),Didelphis virginiana ,NA,Mexico,V. Souza et al., Appl. Environ. Microbiol. 65, 3373–3385 (1999).,Sequencing 2,DN504224T,C2,2,PLATE2_C2,R,S,S,S,S,S,S,S,S,5059STDY7174539,PLATE2_C2,24742_1#64,827029,1.41,47.71,0.11,0.3,0.05,24742_1#64,Mexico,1307,Souza,NF,Non,NF,Animal,North America,Didelphis virginiana ,Animalia,Chordata,Mammalia,Didelphimorphia,Didelphidae,Didelphis
24742_1#65,2350,,,6,19,14,16,11,12,7,B1,96,2350,6,19,14,16,11,12,7,24742_1#65,GU724,Felis catus (8),Felis catus,NA,Mexico,V. Souza et al., Appl. Environ. Microbiol. 65, 3373–3385 (1999).,Sequencing 2,DN504224T,D2,2,PLATE2_D2,R,S,S,S,S,S,S,S,S,5059STDY7174540,PLATE2_D2,24742_1#65,718987,0.85,49.18,0.05,0.05,0.01,24742_1#65,Mexico,2350,Souza,B1,Non,NF,Animal,North America,Felis catus,Animalia,Chordata,Mammalia,Carnivora,Felidae,Felis
24742_1#66,129,,,6,23,3,26,9,7,7,B1,1,129,6,23,3,26,9,7,7,24742_1#66,GU760,Oryctolagus cuniculus (2356),Oryctolagus cuniculus ,NA,Mexico,V. Souza et al., Appl. Environ. Microbiol. 65, 3373–3385 (1999).,Sequencing 2,DN504224T,F2,2,PLATE2_F2,S,S,R,S,S,S,S,S,S,5059STDY7174542,PLATE2_F2,24742_1#66,817527,1.17,49.37,0.08,0.11,0.01,24742_1#66,Mexico,129,Souza,B1,Non,NF,Animal,North America,Oryctolagus cuniculus ,Animalia,Chordata,Mammalia,Lagomorpha,Leporidae,Oryctolagus
24742_1#67,106,,,21,35,27,6,5,8,4,D,3,106,21,35,27,6,5,8,4,24742_1#67,GU701,Canis latrans (91),Canis latrans ,NA,Mexico,V. Souza et al., Appl. Environ. Microbiol. 65, 3373–3385 (1999).,Sequencing 2,DN504224T,G2,2,PLATE2_G2,R,S,S,S,S,S,R,R,S,5059STDY7174543,PLATE2_G2,24742_1#67,868269,1.18,82.73,0.02,0.04,0,24742_1#67,Mexico,106,Souza,D,Non,NF,Animal,North America,Canis latrans ,Animalia,Chordata,Mammalia,Carnivora,Canidae,Canis
24742_1#68,129,,,6,23,3,26,9,7,7,B1,1,129,6,23,3,26,9,7,7,24742_1#68,GU713,Didelphis virginiana (2049),Didelphis virginiana ,NA,Mexico,V. Souza et al., Appl. Environ. Microbiol. 65, 3373–3385 (1999).,Sequencing 2,DN504224T,H2,2,PLATE2_H2,R,S,S,S,S,S,S,S,S,5059STDY7174544,PLATE2_H2,24742_1#68,781588,0.53,49.38,0.07,0.04,0.01,24742_1#68,Mexico,129,Souza,B1,Non,NF,Animal,North America,Didelphis virginiana ,Animalia,Chordata,Mammalia,Didelphimorphia,Didelphidae,Didelphis
24742_1#69,2350,,,6,19,14,16,11,12,7,B1,96,2350,6,19,14,16,11,12,7,24742_1#69,GU725,Felis catus (9),Felis catus,NA,Mexico,V. Souza et al., Appl. Environ. Microbiol. 65, 3373–3385 (1999).,Sequencing 2,DN504224T,A3,2,PLATE2_A3,R,S,S,S,S,S,S,S,S,5059STDY7174545,PLATE2_A3,24742_1#69,858095,0.86,49.02,0.05,0.05,0.01,24742_1#69,Mexico,2350,Souza,B1,Non,NF,Animal,North America,Felis catus,Animalia,Chordata,Mammalia,Carnivora,Felidae,Felis
24742_1#70,1307,,,6,95,3,18,11,18,6,,77,1307,6,95,3,18,11,18,6,24742_1#70,GU714,Didelphis virginiana (2050),Didelphis virginiana,NA,Mexico,V. Souza et al., Appl. Environ. Microbiol. 65, 3373–3385 (1999).,Sequencing 2,DN504224T,D3,2,PLATE2_D3,R,S,S,S,S,S,S,S,S,5059STDY7174548,PLATE2_D3,24742_1#70,1038836,1.35,47.76,0.11,0.28,0.05,24742_1#70,Mexico,1307,Souza,NF,Non,NF,Animal,North America,Didelphis virginiana,Animalia,Chordata,Mammalia,Didelphimorphia,Didelphidae,Didelphis
24742_1#71,973,,,154,187,22,52,130,129,4,D,52,973,154,187,22,52,130,129,4,24742_1#71,GU726,Felis concolor (268),Felis concolor ,NA,Mexico,V. Souza et al., Appl. Environ. Microbiol. 65, 3373–3385 (1999).,Sequencing 2,DN504224T,E3,2,PLATE2_E3,R,S,S,S,S,S,S,S,S,5059STDY7174549,PLATE2_E3,24742_1#71,859736,1.83,78.36,0.09,0.37,0.02,24742_1#71,Mexico,973,Souza,D,Non,NF,Animal,North America,Felis concolor ,Animalia,Chordata,Mammalia,Carnivora,Felidae,Puma
24742_1#72,2432,Unknown,,332,464,119,389,299,99,94,,742,2432,45,53,119,84,42,99,94,24742_1#72,GU750,Mus musculus (3491),Mus musculus ,NA,Mexico,V. Souza et al., Appl. Environ. Microbiol. 65, 3373–3385 (1999).,Sequencing 2,DN504224T,F3,2,PLATE2_F3,R,S,S,S,R,S,S,S,S,5059STDY7174550,PLATE2_F3,24742_1#72,770861,29.8,1.33,40.29,0.81,5.09,24742_1#72,Mexico,2432,Souza,NF,Non,NF,Animal,South America,Mus musculus ,Animalia,Chordata,Mammalia,Rodentia,Muridae,Mus
24742_1#73,4277,,,82,552,73,456,349,332,300,,1181,4277,82,552,73,456,349,332,300,24742_1#73,GU762,Oryzomys sp. (58),Oryzomys sp. ,NA,Mexico,V. Souza et al., Appl. Environ. Microbiol. 65, 3373–3385 (1999).,Sequencing 2,DN504224T,G3,2,PLATE2_G3,R,S,S,S,R,S,S,S,S,5059STDY7174551,PLATE2_G3,24742_1#73,791020,14.42,45.35,0.9,1.04,0.29,24742_1#73,Mexico,4277,Souza,NF,Non,NF,Animal,North America,Oryzomys sp. ,Animalia,Chordata,Mammalia,Rodentia,Cricetidae,Oryzomys
24742_1#74,1276,,,17,231,167,198,7,157,2,F,200,1276,17,231,167,198,7,157,2,24742_1#74,GU727,Felis concolor (269),Felis concolor ,NA,Mexico,V. Souza et al., Appl. Environ. Microbiol. 65, 3373–3385 (1999).,Sequencing 2,DN504224T,H3,2,PLATE2_H3,R,S,S,S,S,S,S,S,S,5059STDY7174552,PLATE2_H3,24742_1#74,803136,6.32,79.14,0.06,0.72,0,24742_1#74,Mexico,1276,Souza,F,Non,NF,Animal,North America,Felis concolor ,Animalia,Chordata,Mammalia,Carnivora,Felidae,Puma
24742_1#75,29,,,6,4,12,16,9,7,7,B1,13,29,6,4,12,16,9,7,7,24742_1#75,GU751,Mus musculus (3492),Mus musculus ,NA,Mexico,V. Souza et al., Appl. Environ. Microbiol. 65, 3373–3385 (1999).,Sequencing 2,DN504224T,B4,2,PLATE2_B4,R,S,S,S,S,S,S,S,S,5059STDY7174554,PLATE2_B4,24742_1#75,761875,2.17,52.72,0.03,0.3,0.01,24742_1#75,Mexico,29,Souza,B1,Non,NF,Animal,North America,Mus musculus ,Animalia,Chordata,Mammalia,Rodentia,Muridae,Mus
24742_1#76,2101,Unknown,mdh_349,NA,,NA,,NA,,NA,,672,2101,6,8,4,16,7,13,2,24742_1#76,GU763,Oryzomys sp. (59),Oryzomys sp. ,NA,Mexico,V. Souza et al., Appl. Environ. Microbiol. 65, 3373–3385 (1999).,Sequencing 2,DN504224T,C4,2,PLATE2_C4,R,S,S,S,S,S,S,S,S,5059STDY7174555,PLATE2_C4,24742_1#76,885368,8.39,44.76,0.3,0.55,0.09,24742_1#76,Mexico,2101,Souza,NF,Non,NF,Animal,North America,Oryzomys sp. ,Animalia,Chordata,Mammalia,Rodentia,Cricetidae,Oryzomys
24742_1#77,1848,Unknown,,590,464,119,U,299,294,94,,611,1848,45,53,119,13,99,5,94,24742_1#77,GU704,Carollia brevicauda (41),Carollia brevicauda ,NA,Mexico,V. Souza et al., Appl. Environ. Microbiol. 65, 3373–3385 (1999).,Sequencing 2,DN504224T,D4,2,PLATE2_D4,R,S,R,S,R,S,S,S,S,5059STDY7174556,PLATE2_D4,24742_1#77,734541,20.55,1.57,59.66,0.35,3.38,24742_1#77,Mexico,1848,Souza,NF,Non,NF,Animal,North America,Carollia brevicauda ,Animalia,Chordata,Mammalia,Chiroptera,Phyllostomidae,Carollia
24742_1#78,69,,,21,35,27,6,5,5,4,D,3,69,21,35,27,6,5,5,4,24742_1#78,GU728,Gallus gallus (1728),Gallus gallus ,NA,,V. Souza et al., Appl. Environ. Microbiol. 65, 3373–3385 (1999).,Sequencing 2,DN504224T,E4,2,PLATE2_E4,R,S,S,S,S,S,S,S,R,5059STDY7174557,PLATE2_E4,24742_1#78,955502,0.13,85.92,0.02,0.01,0,24742_1#78,NF,69,Souza,D,Non,NF,Animal,NF,Gallus gallus ,Animalia,Chordata,Aves,Galliformes,Phasianidae,Gallus
24742_1#79,200,,,6,4,5,26,7,8,14,B1,1,200,6,4,5,26,7,8,14,24742_1#79,GU740,Liomys pictus (19),Liomys pictus ,NA,Mexico,V. Souza et al., Appl. Environ. Microbiol. 65, 3373–3385 (1999).,Sequencing 2,DN504224T,F4,2,PLATE2_F4,R,S,S,S,S,S,S,S,S,5059STDY7174558,PLATE2_F4,24742_1#79,775035,2.4,49.84,0.04,0.11,0.01,24742_1#79,Mexico,200,Souza,B1,Non,NF,Animal,North America,Liomys pictus ,Animalia,Chordata,Mammalia,Rodentia,Heteromyidae,Heteromys
24742_1#80,5145,Unknown,,332,464,395,U,299,294,94,NA,NA,NA,NA,NA,NA,NA,NA,NA,NA,24742_1#80,GU693,Calothorax lucifer (207),Calothorax lucifer,NA,Mexico,V. Souza et al., Appl. Environ. Microbiol. 65, 3373–3385 (1999).,Sequencing 2,DN504224T,A5,2,PLATE2_A5,R,S,S,S,R,S,S,S,S,5059STDY7174561,PLATE2_A5,24742_1#80,695922,7.89,6.28,82.21,0.09,0.07,24742_1#80,Mexico,5145,Souza,NF,Non,NF,Animal,North America,Calothorax lucifer,Animalia,Chordata,Aves,Apodiformes,Trochilidae,Calothorax
24742_1#81,1848,Unknown,,590,464,119,U,299,294,94,,611,1848,45,53,119,13,99,5,94,24742_1#81,GU705,Carollia brevicauda (42),Carollia brevicauda ,NA,Mexico,V. Souza et al., Appl. Environ. Microbiol. 65, 3373–3385 (1999).,Sequencing 2,DN504224T,B5,2,PLATE2_B5,R,S,R,S,R,S,S,S,S,5059STDY7174562,PLATE2_B5,24742_1#81,908637,20.19,3.2,58.44,0.38,3.36,24742_1#81,Mexico,1848,Souza,NF,Non,NF,Animal,North America,Carollia brevicauda ,Animalia,Chordata,Mammalia,Chiroptera,Phyllostomidae,Carollia
24742_1#82,2352,,,6,4,4,18,9,8,2,B1,1,2352,6,4,4,18,9,8,2,24742_1#82,GU717,Dipodomys merriami (287),Dipodomys merriami ,NA,Mexico,V. Souza et al., Appl. Environ. Microbiol. 65, 3373–3385 (1999).,Sequencing 2,DN504224T,C5,2,PLATE2_C5,R,S,S,S,S,S,S,S,S,5059STDY7174563,PLATE2_C5,24742_1#82,746691,3.93,45.51,0.07,0.2,0.01,24742_1#82,Mexico,2352,Souza,B1,Non,NF,Animal,North America,Dipodomys merriami ,Animalia,Chordata,Mammalia,Rodentia,Heteromyidae,Dipodomys
24742_1#83,218,,,10,11,4,12,8,8,2,A,0,218,10,11,4,12,8,8,2,24742_1#83,GU729,Habromys sp. (88),Habromys sp.,NA,Mexico,V. Souza et al., Appl. Environ. Microbiol. 65, 3373–3385 (1999).,Sequencing 2,DN504224T,D5,2,PLATE2_D5,S,S,S,S,S,S,S,S,S,5059STDY7174564,PLATE2_D5,24742_1#83,745641,0.82,56.89,0.05,0.66,0.01,24742_1#83,Mexico,218,Souza,A,Non,NF,Animal,North America,Habromys sp.,Animalia,Chordata,Mammalia,Rodentia,Cricetidae,Habromys
24742_1#84,200,,,6,4,5,26,7,8,14,B1,1,200,6,4,5,26,7,8,14,24742_1#84,GU741,Liomys pictus (20),Liomys pictus ,NA,Mexico,V. Souza et al., Appl. Environ. Microbiol. 65, 3373–3385 (1999).,Sequencing 2,DN504224T,E5,2,PLATE2_E5,R,S,S,S,S,S,S,S,S,5059STDY7174565,PLATE2_E5,24742_1#84,769012,2.29,49.75,0.04,0.1,0.01,24742_1#84,Mexico,200,Souza,B1,Non,NF,Animal,North America,Liomys pictus ,Animalia,Chordata,Mammalia,Rodentia,Heteromyidae,Heteromys
24742_1#85,10,,,10,11,4,8,8,8,2,A,0,10,10,11,4,8,8,8,2,24742_1#85,GU706,Choeronycteris mexicana (1684),Choeronycteris mexicana ,NA,,V. Souza et al., Appl. Environ. Microbiol. 65, 3373–3385 (1999).,Sequencing 2,DN504224T,G5,2,PLATE2_G5,S,S,S,S,S,S,S,S,S,5059STDY7174567,PLATE2_G5,24742_1#85,781867,0.89,57.75,0.05,0.16,0.03,24742_1#85,NF,10,Souza,A,Non,NF,Animal,NF,Choeronycteris mexicana ,Animalia,Chordata,Mammalia,Chiroptera,Phyllostomidae,Choeronycteris
24742_1#86,2352,,,6,4,4,18,9,8,2,B1,1,2352,6,4,4,18,9,8,2,24742_1#86,GU718,Dipodomys merriami (288),Dipodomys merriami ,NA,Mexico,V. Souza et al., Appl. Environ. Microbiol. 65, 3373–3385 (1999).,Sequencing 2,DN504224T,H5,2,PLATE2_H5,R,S,S,S,S,S,S,S,S,5059STDY7174568,PLATE2_H5,24742_1#86,756466,3.5,45.61,0.07,0.19,0.01,24742_1#86,Mexico,2352,Souza,B1,Non,NF,Animal,North America,Dipodomys merriami ,Animalia,Chordata,Mammalia,Rodentia,Heteromyidae,Dipodomys
24742_1#87,5145,Unknown,,332,464,503,389,299,294,94,NA,NA,NA,NA,NA,NA,NA,NA,NA,NA,24742_1#87,GU754,Neotoma albigula (297),Neotoma albigula ,NA,,V. Souza et al., Appl. Environ. Microbiol. 65, 3373–3385 (1999).,Sequencing 2,DN504224T,B6,2,PLATE2_B6,R,S,R,R,R,S,S,S,S,5059STDY7174570,PLATE2_B6,24742_1#87,702360,27.69,1.19,40.93,1.21,4.81,24742_1#87,NF,5145,Souza,NF,Non,NF,Animal,NF,Neotoma albigula ,Animalia,Chordata,Mammalia,Rodentia,Cricetidae,Neotoma
24742_1#88,16,,,6,4,12,16,9,7,12,B1,13,16,6,4,12,16,9,7,12,24742_1#88,GU766,Ovis aries (5020),Ovis aries ,NA,,V. Souza et al., Appl. Environ. Microbiol. 65, 3373–3385 (1999).,Sequencing 2,DN504224T,C6,2,PLATE2_C6,R,S,S,S,S,S,S,S,S,5059STDY7174571,PLATE2_C6,24742_1#88,676814,0.64,56.17,0.04,0.11,0.01,24742_1#88,NF,16,Souza,B1,Non,NF,Animal,NF,Ovis aries ,Animalia,Chordata,Mammalia,Artiodactyla,Bovidae,Ovis
25964_1#100,1848,Unknown,,590,464,119,U,299,294,94,,611,1848,45,53,119,13,99,5,94,25964_1#100,GU703,Carollia brevicauda (40),Carollia brevicauda ,NA,Mexico,V. Souza et al., Appl. Environ. Microbiol. 65, 3373–3385 (1999).,Sequencing 6,DN504228A,E1,6,PLATE6_E1,R,S,R,S,R,S,S,S,S,5059STDY7174917,GU703,25964_1#100,1184430,19.58,1.32,61.01,0.35,3.44,25964_1#100,Mexico,1848,Souza,NF,Non,NF,Animal,North America,Carollia brevicauda ,Animalia,Chordata,Mammalia,Chiroptera,Phyllostomidae,Carollia
25964_1#101,1250,Unknown,,100,23,7,45,7,3,148,,71,1250,100,23,7,45,7,3,7,25964_1#101,GU721,Equus caballus (808),Equus caballus ,NA,Mexico,V. Souza et al., Appl. Environ. Microbiol. 65, 3373–3385 (1999).,Sequencing 6,DN504228A,F1,6,PLATE6_F1,R,S,S,S,S,S,S,S,S,5059STDY7174918,GU721,25964_1#101,1142746,1.53,33.78,0.1,0.23,0.02,25964_1#101,Mexico,1250,Souza,NF,Non,NF,Animal,North America,Equus ferus,Animalia,Chordata,Mammalia,Perissodactyla,Equidae,Equus
25964_1#102,218,,,10,11,4,12,8,8,2,A,0,218,10,11,4,12,8,8,2,25964_1#102,GU730,Habromys sp. (89),Habromys sp. ,NA,Mexico,V. Souza et al., Appl. Environ. Microbiol. 65, 3373–3385 (1999).,Sequencing 6,DN504228A,G1,6,PLATE6_G1,S,S,S,S,S,S,S,R,S,5059STDY7174919,GU730,25964_1#102,1166667,0.77,57.93,0.03,0.31,0,25964_1#102,Mexico,218,Souza,A,Non,NF,Animal,North America,Habromys sp.,Animalia,Chordata,Mammalia,Rodentia,Cricetidae,Habromys
25964_1#103,641,,,9,6,33,131,24,8,7,B1,12,641,9,6,33,131,24,8,7,25964_1#103,GU732,Homo sapiens (45),Homo sapiens,NA,Mexico,V. Souza et al., Appl. Environ. Microbiol. 65, 3373–3385 (1999).,Sequencing 6,DN504228A,H1,6,PLATE6_H1,R,S,R,S,S,S,S,S,S,5059STDY7174920,GU732,25964_1#103,1233584,1.82,57.42,0.03,0.18,0,25964_1#103,Mexico,641,Souza,B1,Human,NF,Human,North America,Homo sapiens,Animalia,Chordata,Mammalia,Primates,Hominidae,Homo
25964_1#104,2356,,,129,354,13,13,30,14,13,,726,2356,129,354,13,13,30,14,13,25964_1#104,GU673,Alouatta palliata (1639),Alouatta palliata,NA,Mexico,V. Souza et al., Appl. Environ. Microbiol. 65, 3373–3385 (1999).,Sequencing 6,DN504228A,A2,6,PLATE6_A2,R,S,S,S,S,S,S,S,S,5059STDY7174921,GU673,25964_1#104,1001467,3.1,84.93,0.04,0.24,0,25964_1#104,Mexico,2356,Souza,NF,Non,NF,Animal,North America,Alouatta palliata,Animalia,Chordata,Mammalia,Primates,Atelidae,Alouatta
25964_1#108,278,,,9,23,64,18,11,8,6,B1,18,278,9,23,64,18,11,8,6,25964_1#108,GU711,Desmodus rotundus (26),Desmodus rotundus ,NA,Mexico,V. Souza et al., Appl. Environ. Microbiol. 65, 3373–3385 (1999).,Sequencing 6,DN504228A,E2,6,PLATE6_E2,S,S,S,S,S,S,S,S,S,5059STDY7174925,GU711,25964_1#108,1166153,3.69,48.87,0.03,0.18,0,25964_1#108,Mexico,278,Souza,B1,Non,NF,Animal,North America,Desmodus rotundus,Animalia,Chordata,Mammalia,Chiroptera,Phyllostomidae,Desmodus
25964_1#112,788,,,142,67,13,150,91,115,11,,403,788,142,67,13,150,91,115,11,25964_1#112,GU674,Alouatta palliata (1640),Alouatta palliata,NA,Mexico,V. Souza et al., Appl. Environ. Microbiol. 65, 3373–3385 (1999).,Sequencing 6,DN504228A,A3,6,PLATE6_A3,S,S,S,S,S,S,S,S,S,5059STDY7174929,GU674,25964_1#112,1268896,2.58,85.61,0.04,0.13,0.01,25964_1#112,Mexico,788,Souza,NF,Non,NF,Animal,North America,Alouatta palliata,Animalia,Chordata,Mammalia,Primates,Atelidae,Alouatta
25964_1#115,335,,,29,12,8,12,15,2,2,E,24,335,29,12,8,12,15,2,2,25964_1#115,GU698,Canis latrans (825),Canis latrans,NA,Mexico,V. Souza et al., Appl. Environ. Microbiol. 65, 3373–3385 (1999).,Sequencing 6,DN504228A,D3,6,PLATE6_D3,R,S,S,S,S,S,S,S,S,5059STDY7174932,GU698,25964_1#115,1097741,1.44,69.46,0.02,0.4,0,25964_1#115,Mexico,335,Souza,E,Non,NF,Animal,North America,Canis latrans,Animalia,Chordata,Mammalia,Carnivora,Canidae,Canis
25964_1#116,4287,,,10,553,4,8,8,8,2,A,0,4287,10,553,4,8,8,8,2,25964_1#116,GU715,Didelphis virginiana (79),Didelphis virginiana,NA,Mexico,V. Souza et al., Appl. Environ. Microbiol. 65, 3373–3385 (1999).,Sequencing 6,DN504228A,E3,6,PLATE6_E3,S,S,S,S,S,S,S,S,S,5059STDY7174933,GU715,25964_1#116,1214339,0.81,60.25,0.16,0.11,0.01,25964_1#116,Mexico,4287,Souza,A,Non,NF,Animal,North America,Didelphis virginiana ,Animalia,Chordata,Mammalia,Didelphimorphia,Didelphidae,Didelphis
25964_1#118,4288,,,35,57,2,27,37,5,4,D,118,4288,35,57,2,27,37,5,4,25964_1#118,GU731,Henicorhina leucophrys (151),Henicorhina leucophrys ,NA,Mexico,V. Souza et al., Appl. Environ. Microbiol. 65, 3373–3385 (1999).,Sequencing 6,DN504228A,G3,6,PLATE6_G3,S,S,S,S,S,S,S,S,S,5059STDY7174935,GU731,25964_1#118,1153439,3.55,81.05,0.06,0.33,0.01,25964_1#118,Mexico,4288,Souza,D,Non,NF,Animal,North America,Henicorhina leucophrys,Animalia,Chordata,Aves,Passeriformes,Troglodytidae,Henicorhina
25964_1#119,10,,,10,11,4,8,8,8,2,A,0,10,10,11,4,8,8,8,2,25964_1#119,GU733,Homo sapiens (46),Homo sapiens,NA,Mexico,V. Souza et al., Appl. Environ. Microbiol. 65, 3373–3385 (1999).,Sequencing 6,DN504228A,H3,6,PLATE6_H3,R,S,S,S,S,S,S,S,R,5059STDY7174936,GU733,25964_1#119,1281220,0.76,60.76,0.03,0.19,0,25964_1#119,Mexico,10,Souza,A,Human,NF,Human,North America,Homo sapiens,Animalia,Chordata,Mammalia,Primates,Hominidae,Homo
25964_1#120,4280,,,13,555,19,36,16,10,10,,1184,4280,13,555,19,36,16,10,10,25964_1#120,GU675,Alouatta palliata (1731),Alouatta palliata,NA,Costa Rica,V. Souza et al., Appl. Environ. Microbiol. 65, 3373–3385 (1999).,Sequencing 6,DN504228A,A4,6,PLATE6_A4,S,S,S,S,S,S,S,S,S,5059STDY7174937,GU675,25964_1#120,1059630,7.53,83.05,0.04,0.16,0.01,25964_1#120,Costa Rica,4280,Souza,NF,Non,NF,Animal,North America,Alouatta palliata,Animalia,Chordata,Mammalia,Primates,Atelidae,Alouatta
25964_1#127,1972,,,64,196,5,83,8,8,6,A,0,1972,64,196,5,83,8,8,6,25964_1#127,GU736,Hydrochaeris hydrochaeris (2080),Hydrochaeris hydrochaeris ,NA,Venezuela,V. Souza et al., Appl. Environ. Microbiol. 65, 3373–3385 (1999).,Sequencing 6,DN504228A,H4,6,PLATE6_H4,S,S,S,S,S,S,S,S,S,5059STDY7174944,GU736,25964_1#127,1192893,1.08,51.33,0.05,0.3,0.01,25964_1#127,Venezuela,1972,Souza,A,Non,NF,Animal,South America,Hydrochaeris hydrochaeris ,Animalia,Chordata,Mammalia,Rodentia,Caviidae,Hydrochoerus
25964_1#135,4281,,,6,4,3,16,11,8,301,B1,1,4281,6,4,3,16,11,8,301,25964_1#135,GU745,Lutra longicaudis (1930),Lutra longicaudis,NA,Mexico,V. Souza et al., Appl. Environ. Microbiol. 65, 3373–3385 (1999).,Sequencing 6,DN504228A,H5,6,PLATE6_H5,R,S,S,S,S,S,S,S,S,5059STDY7174952,GU745,25964_1#135,1190296,1.19,48.43,0.18,0.43,0,25964_1#135,Mexico,4281,Souza,B1,Non,NF,Animal,North America,Lutra longicaudis,Animalia,Chordata,Mammalia,Carnivora,Mustelidae,Lontra
25964_1#151,2074,,,12,321,176,30,80,2,2,,663,2074,12,321,176,30,80,2,2,25964_1#151,GU746,Lutra longicaudis (1931),Lutra longicaudis ,NA,Mexico,V. Souza et al., Appl. Environ. Microbiol. 65, 3373–3385 (1999).,Sequencing 6,DN504228A,H7,6,PLATE6_H7,S,S,S,S,S,S,S,S,S,5059STDY7174968,GU746,25964_1#151,1343512,1.36,53.14,0.08,0.33,0.03,25964_1#151,Mexico,2074,Souza,NF,Non,NF,Animal,North America,Lutra longicaudis ,Animalia,Chordata,Mammalia,Carnivora,Mustelidae,Lontra
25964_1#152,69,,,21,35,27,6,5,5,4,D,3,69,21,35,27,6,5,5,4,25964_1#152,GU677,Aquila chrysaetus (55),Aquila chrysaetus,NA,Mexico,V. Souza et al., Appl. Environ. Microbiol. 65, 3373–3385 (1999).,Sequencing 6,DN504228A,A8,6,PLATE6_A8,S,S,S,S,S,S,S,S,S,5059STDY7174969,GU677,25964_1#152,1147747,1.94,85.72,0.02,0.55,0,25964_1#152,Mexico,69,Souza,D,Non,NF,Animal,North America,Aquila chrysaetus,Animalia,Chordata,Aves,Accipitriformes,Accipitridae,Aquila
25964_1#159,4282,,,6,4,3,457,9,8,6,B1,1,4282,6,4,3,457,9,8,6,25964_1#159,GU747,Lutra longicaudis (1932),Lutra longicaudis ,NA,Mexico,V. Souza et al., Appl. Environ. Microbiol. 65, 3373–3385 (1999).,Sequencing 6,DN504228A,H8,6,PLATE6_H8,R,S,S,S,S,S,S,S,S,5059STDY7174976,GU747,25964_1#159,1053566,1.21,49.78,0.04,0.19,0,25964_1#159,Mexico,4282,Souza,B1,Non,NF,Animal,North America,Lutra longicaudis ,Animalia,Chordata,Mammalia,Carnivora,Mustelidae,Lontra
25964_1#160,641,,,9,6,33,131,24,8,7,B1,12,641,9,6,33,131,24,8,7,25964_1#160,GU678,Aratinga canicularis (48),Aratinga canicularis,NA,Mexico,V. Souza et al., Appl. Environ. Microbiol. 65, 3373–3385 (1999).,Sequencing 6,DN504228A,A9,6,PLATE6_A9,R,S,S,S,S,S,S,S,S,5059STDY7174977,GU678,25964_1#160,1023648,1.99,54.14,0.03,0.2,0.01,25964_1#160,Mexico,641,Souza,B1,Non,NF,Animal,North America,Aratinga canicularis,Animalia,Chordata,Aves,Psittaciformes,Psittacidae,Eupsittula
25964_1#167,5145,Unknown,,332,464,352,389,299,294,94,NA,NA,NA,NA,NA,NA,NA,NA,NA,NA,25964_1#167,GU749,Mus musculus (3490),Mus musculus,NA,Mexico,V. Souza et al., Appl. Environ. Microbiol. 65, 3373–3385 (1999).,Sequencing 6,DN504228A,H9,6,PLATE6_H9,R,S,R,R,R,S,S,S,S,5059STDY7174984,GU749,25964_1#167,1237335,29.35,1.15,41.69,0.57,5.18,25964_1#167,Mexico,5145,Souza,NF,Non,NF,Animal,North America,Mus musculus,Animalia,Chordata,Mammalia,Rodentia,Muridae,Mus
25964_1#176,10,,,10,11,4,8,8,8,2,A,0,10,10,11,4,8,8,8,2,25964_1#176,GU679,Aratinga ocularis (53),Aratinga ocularis,NA,,V. Souza et al., Appl. Environ. Microbiol. 65, 3373–3385 (1999).,Sequencing 6,DN504228A,A11,6,PLATE6_A11,R,S,S,S,S,S,S,S,R,5059STDY7174993,GU679,25964_1#176,1040535,0.87,60.93,0.03,0.19,0,25964_1#176,NF,10,Souza,A,Non,NF,Animal,NF,Aratinga ocularis,Animalia,Chordata,Aves,Psittaciformes,Psittacidae,Eupsittula
25964_1#183,737,,,6,4,32,26,9,8,7,B1,1,737,6,4,32,26,9,8,7,25964_1#183,GU755,Nyctomys sp. (69),Nyctomys sp. ,NA,Mexico,V. Souza et al., Appl. Environ. Microbiol. 65, 3373–3385 (1999).,Sequencing 6,DN504228A,H11,6,PLATE6_H11,R,S,S,S,S,S,S,S,S,5059STDY7175000,GU755,25964_1#183,1036544,2.53,50.44,0.05,0.2,0.01,25964_1#183,Mexico,737,Souza,B1,Non,NF,Animal,North America,Nyctomys sp. ,Animalia,Chordata,Mammalia,Rodentia,Cricetidae,Nyctomys
25964_1#184,2360,,,13,21,13,301,17,14,15,B2,29,2360,13,21,13,301,17,14,15,25964_1#184,GU681,Artibeus sp. (3470),Artibeus sp. ,NA,,V. Souza et al., Appl. Environ. Microbiol. 65, 3373–3385 (1999).,Sequencing 6,DN504228A,A12,6,PLATE6_A12,R,S,S,S,S,S,S,S,S,5059STDY7175001,GU681,25964_1#184,1031166,0.89,88.37,0.02,0.22,0,25964_1#184,NF,2360,Souza,B2,Non,NF,Animal,NF,Artibeus sp. ,Animalia,Chordata,Mammalia,Chiroptera,Phyllostomidae,Artibeus
25964_1#188,2336,,,100,23,277,45,7,3,7,,71,2336,100,23,277,45,7,3,7,25964_1#188,GU720,Equus caballus (807),Equus caballus ,NA,Mexico,V. Souza et al., Appl. Environ. Microbiol. 65, 3373–3385 (1999).,Sequencing 6,DN504228A,E12,6,PLATE6_E12,S,S,S,S,S,S,S,S,S,5059STDY7175005,GU720,25964_1#188,1010153,2.56,32.01,0.09,0.22,0.01,25964_1#188,Mexico,2336,Souza,NF,Non,NF,Animal,North America,Equus ferus,Animalia,Chordata,Mammalia,Perissodactyla,Equidae,Equus
25964_1#191,4293,,,6,4,22,88,11,8,14,B1,1,4293,6,4,22,88,11,8,14,25964_1#191,GU756,Odocoeileus virginianus (1984),Odocoeileus virginianus ,NA,Mexico,V. Souza et al., Appl. Environ. Microbiol. 65, 3373–3385 (1999).,Sequencing 7,DN504229B,A1,7,PLATE7_A1,R,S,S,S,S,S,S,S,S,5059STDY7175009,GU756,25964_1#191,1293915,0.77,48.34,0.06,0.11,0.01,25964_1#191,Mexico,4293,Souza,B1,Non,NF,Animal,North America,Odocoeileus virginianus ,Animalia,Chordata,Mammalia,Artiodactyla,Cervidae,Odocoileus
25964_1#192,641,,,9,6,33,131,24,8,7,B1,12,641,9,6,33,131,24,8,7,25964_1#192,GU789,Romerolagus diazi (2374),Romerolagus diazi ,NA,Mexico,V. Souza et al., Appl. Environ. Microbiol. 65, 3373–3385 (1999).,Sequencing 7,DN504229B,B1,7,PLATE7_B1,R,S,S,S,S,S,S,S,S,5059STDY7175010,GU789,25964_1#192,1177217,4.16,50.2,0.07,0.08,0.02,25964_1#192,Mexico,641,Souza,B1,Non,NF,Animal,North America,Romerolagus diazi,Animalia,Chordata,Mammalia,Lagomorpha,Leporidae,Romerolagus
25964_1#193,4283,,,13,166,47,458,23,28,122,B2,101,4283,13,166,47,458,23,28,122,25964_1#193,GU810,Tursiops truncatus (2026),Tursiops truncatus ,NA,Mexico,V. Souza et al., Appl. Environ. Microbiol. 65, 3373–3385 (1999).,Sequencing 7,DN504229B,C1,7,PLATE7_C1,R,S,S,S,S,S,S,S,S,5059STDY7175011,GU810,25964_1#193,1149283,1.69,88.64,0.04,0.2,0,25964_1#193,Mexico,4283,Souza,B2,Non,NF,Animal,North America,Tursiops truncatus ,Animalia,Chordata,Mammalia,Artiodactyla,Delphinidae,Tursiops
25964_1#199,363,Unknown,icd_301,NA,,NA,,NA,,NA,B2,48,363,13,38,84,13,17,64,26,25964_1#199,GU765,Ovis aries (1966),Ovis aries ,NA,Mexico,V. Souza et al., Appl. Environ. Microbiol. 65, 3373–3385 (1999).,Sequencing 7,DN504229B,A2,7,PLATE7_A2,R,S,S,S,S,S,S,S,S,5059STDY7175017,GU765,25964_1#199,1123897,1.32,88.91,0.03,0.27,0,25964_1#199,Mexico,363,Souza,B2,Non,NF,Animal,North America,Ovis aries ,Animalia,Chordata,Mammalia,Artiodactyla,Bovidae,Ovis
25964_1#200,3337,,,10,11,315,8,8,8,2,A,0,3337,10,11,315,8,8,8,2,25964_1#200,GU795,Sylvilagus sp. (80),Sylvilagus sp.,NA,Mexico,V. Souza et al., Appl. Environ. Microbiol. 65, 3373–3385 (1999).,Sequencing 7,DN504229B,B2,7,PLATE7_B2,S,S,S,S,S,S,S,S,S,5059STDY7175018,GU795,25964_1#200,1163474,2.13,57.05,0.05,0.05,0.01,25964_1#200,Mexico,3337,Souza,A,Non,NF,Animal,North America,Sylvilagus sp.,Animalia,Chordata,Mammalia,Lagomorpha,Leporidae,Sylvilagus
25964_1#207,2338,,,6,6,5,18,9,234,6,,724,2338,6,6,5,18,9,234,6,25964_1#207,GU771,Panthera onca (271),Panthera onca,NA,,V. Souza et al., Appl. Environ. Microbiol. 65, 3373–3385 (1999).,Sequencing 7,DN504229B,A3,7,PLATE7_A3,R,S,S,S,S,S,S,S,S,5059STDY7175025,GU771,25964_1#207,1282251,1.27,50.48,0.02,0.27,0.02,25964_1#207,NF,2338,Souza,NF,Non,NF,Animal,NF,Panthera onca,Animalia,Chordata,Mammalia,Carnivora,Felidae,Panthera
25964_1#215,103,Unknown,,45,464,332,U,299,U,581,,310,103,45,4,36,10,24,18,32,25964_1#215,GU772,Papio cynocephalus (B197),Papio cynocephalus,NA,Africa,V. Souza et al., Appl. Environ. Microbiol. 65, 3373–3385 (1999).,Sequencing 7,DN504229B,A4,7,PLATE7_A4,S,S,S,S,S,S,S,S,S,5059STDY7175033,GU772,25964_1#215,1219090,43.41,5.73,12.3,0.87,3.5,25964_1#215,Africa,103,Souza,NF,Non,NF,Animal,Africa,Papio cynocephalus,Animalia,Chordata,Mammalia,Primates,Cercopithecidae,Papio
25964_1#223,5145,Unknown,,332,464,503,389,299,294,94,NA,NA,NA,NA,NA,NA,NA,NA,NA,NA,25964_1#223,GU773,Passer domesticus (345),Passer domesticus,NA,Mexico,V. Souza et al., Appl. Environ. Microbiol. 65, 3373–3385 (1999).,Sequencing 7,DN504229B,A5,7,PLATE7_A5,R,S,R,S,R,S,S,S,S,5059STDY7175041,GU773,25964_1#223,1190440,26.47,1.32,41.91,1.21,4.97,25964_1#223,Mexico,5145,Souza,NF,Non,NF,Animal,North America,Passer domesticus,Animalia,Chordata,Aves,Passeriformes,Passeridae,Passer
25964_1#231,423,,,6,4,33,1,20,12,7,B1,2,423,6,4,33,1,20,12,7,25964_1#231,GU774,Perognathus penicillatus (820),Perognathus penicillatus,NA,Mexico,V. Souza et al., Appl. Environ. Microbiol. 65, 3373–3385 (1999).,Sequencing 7,DN504229B,A6,7,PLATE7_A6,S,S,S,S,S,S,S,S,S,5059STDY7175049,GU774,25964_1#231,1283853,3.82,49.91,0.06,0.21,0.01,25964_1#231,Mexico,423,Souza,B1,Non,NF,Animal,North America,Perognathus penicillatus,Animalia,Chordata,Mammalia,Rodentia,Heteromyidae,Perognathus
25964_1#232,2334,,,10,23,275,8,8,8,2,,62,2334,10,23,275,8,8,8,2,25964_1#232,GU798,Tamandua mexicana (1743),Tamandua mexicana ,NA,,V. Souza et al., Appl. Environ. Microbiol. 65, 3373–3385 (1999).,Sequencing 7,DN504229B,B6,7,PLATE7_B6,S,S,S,S,S,S,S,S,S,5059STDY7175050,GU798,25964_1#232,1155464,1.6,51.38,0.14,0.19,0.01,25964_1#232,NF,2334,Souza,NF,Non,NF,Animal,NF,Tamandua mexicana,Animalia,Chordata,Mammalia,Pilosa,Myrmecophagidae,Tamandua
25964_1#238,4288,,,35,57,2,27,37,5,4,D,118,4288,35,57,2,27,37,5,4,25964_1#238,GU683,Atlapetes brunneinucha (126),Atlapetes brunneinucha,NA,Mexico,V. Souza et al., Appl. Environ. Microbiol. 65, 3373–3385 (1999).,Sequencing 7,DN504229B,H6,7,PLATE7_H6,S,S,S,S,S,S,S,S,S,5059STDY7175056,GU683,25964_1#238,1253933,3.71,80.86,0.05,0.31,0.01,25964_1#238,Mexico,4288,Souza,D,Non,NF,Animal,North America,Atlapetes brunneinucha,Animalia,Chordata,Aves,Passeriformes,Passerellidae,Arremon
25964_1#239,1172,,,6,6,14,18,7,18,6,,460,1172,6,6,14,18,7,18,6,25964_1#239,GU782,Peromyscus sp. (73),Peromyscus sp. ,NA,Mexico,V. Souza et al., Appl. Environ. Microbiol. 65, 3373–3385 (1999).,Sequencing 7,DN504229B,A7,7,PLATE7_A7,R,S,S,S,S,S,S,S,S,5059STDY7175057,GU782,25964_1#239,1195628,3.57,47.37,0.21,0.15,0.01,25964_1#239,Mexico,1172,Souza,NF,Non,NF,Animal,North America,Peromyscus sp. ,Animalia,Chordata,Mammalia,Rodentia,Cricetidae,Peromyscus
25964_1#247,2357,,,6,355,4,8,8,8,2,A,0,2357,6,355,4,8,8,8,2,25964_1#247,GU785,Procyon lotor (2065),Procyon lotor ,NA,Mexico,V. Souza et al., Appl. Environ. Microbiol. 65, 3373–3385 (1999).,Sequencing 7,DN504229B,A8,7,PLATE7_A8,S,S,S,S,S,S,S,S,S,5059STDY7175065,GU785,25964_1#247,1263433,3.27,55.48,0.06,0.67,0.13,25964_1#247,Mexico,2357,Souza,A,Non,NF,Animal,North America,Procyon lotor ,Animalia,Chordata,Mammalia,Carnivora,Procyonidae,Procyon
25964_1#263,423,,,6,4,33,1,20,12,7,B1,2,423,6,4,33,1,20,12,7,25964_1#263,GU786,Procyon lotor (2066),Procyon lotor,NA,Mexico,V. Souza et al., Appl. Environ. Microbiol. 65, 3373–3385 (1999).,Sequencing 7,DN504229B,A10,7,PLATE7_A10,R,S,S,S,S,S,S,S,S,5059STDY7175081,GU786,25964_1#263,1182586,2.62,49.63,0.05,0.23,0.01,25964_1#263,Mexico,423,Souza,B1,Non,NF,Animal,North America,Procyon lotor ,Animalia,Chordata,Mammalia,Carnivora,Procyonidae,Procyon
25964_1#264,48,,,6,11,4,8,8,8,2,A,0,48,6,11,4,8,8,8,2,25964_1#264,GU799,Tamandua mexicana (1744),Tamandua mexicana ,NA,,V. Souza et al., Appl. Environ. Microbiol. 65, 3373–3385 (1999).,Sequencing 7,DN504229B,B10,7,PLATE7_B10,S,S,S,S,S,S,S,S,S,5059STDY7175082,GU799,25964_1#264,1170854,1.96,54.91,0.21,0.27,0.01,25964_1#264,NF,48,Souza,A,Non,NF,Animal,NF,Tamandua mexicana,Animalia,Chordata,Mammalia,Pilosa,Myrmecophagidae,Tamandua
25964_1#273,40,,,6,4,5,26,20,8,14,B1,1,40,6,4,5,26,20,8,14,25964_1#273,GU815,Urocyon cinereoargenteus (301),Urocyon cinereoargenteus,NA,Mexico,V. Souza et al., Appl. Environ. Microbiol. 65, 3373–3385 (1999).,Sequencing 7,DN504229B,C11,7,PLATE7_C11,R,S,S,S,S,S,S,S,S,5059STDY7175091,GU815,25964_1#273,1082705,1.62,49.17,0.04,0.09,0.01,25964_1#273,Mexico,40,Souza,B1,Non,NF,Animal,North America,Urocyon cinereoargenteus,Animalia,Chordata,Mammalia,Carnivora,Canidae,Urocyon
25964_1#279,641,,,9,6,33,131,24,8,7,B1,12,641,9,6,33,131,24,8,7,25964_1#279,GU787,Romerolagus diazi (2372),Romerolagus diazi ,NA,Mexico,V. Souza et al., Appl. Environ. Microbiol. 65, 3373–3385 (1999).,Sequencing 7,DN504229B,A12,7,PLATE7_A12,R,S,S,S,S,S,S,S,S,5059STDY7175097,GU787,25964_1#279,1056159,4.13,50.52,0.04,0.09,0.01,25964_1#279,Mexico,641,Souza,B1,Non,NF,Animal,North America,Romerolagus diazi ,Animalia,Chordata,Mammalia,Lagomorpha,Leporidae,Romerolagus
25964_1#280,4283,,,13,166,47,458,23,28,122,B2,101,4283,13,166,47,458,23,28,122,25964_1#280,GU809,Tursiops truncatus (2025),Tursiops truncatus,NA,Mexico,V. Souza et al., Appl. Environ. Microbiol. 65, 3373–3385 (1999).,Sequencing 7,DN504229B,B12,7,PLATE7_B12,R,S,S,S,S,S,S,S,S,5059STDY7175098,GU809,25964_1#280,1035548,1.93,87.46,0.89,0.19,0.05,25964_1#280,Mexico,4283,Souza,B2,Non,NF,Animal,North America,Tursiops truncatus ,Animalia,Chordata,Mammalia,Artiodactyla,Delphinidae,Tursiops
25964_1#289,713,,,86,24,19,13,23,50,17,,124,713,86,24,19,13,23,50,17,25964_1#289,GU687,Bassariscus astutus (816),Bassariscus astutus,NA,Mexico,V. Souza et al., Appl. Environ. Microbiol. 65, 3373–3385 (1999).,Sequencing 8,DN504230R,D1,8,PLATE8_D1,S,S,S,S,S,S,S,S,S,5059STDY7175108,GU687,25964_1#289,995242,1.68,88.7,0.01,0.26,0.01,25964_1#289,Mexico,713,Souza,NF,Non,NF,Animal,North America,Bassariscus astutus,Animalia,Chordata,Mammalia,Carnivora,Procyonidae,Bassariscus
25964_1#329,2350,,,6,19,14,16,11,12,7,B1,96,2350,6,19,14,16,11,12,7,25964_1#329,GU696,Canis familiaris (3),Canis familiaris,NA,Mexico,V. Souza et al., Appl. Environ. Microbiol. 65, 3373–3385 (1999).,Sequencing 8,DN504230R,D6,8,PLATE8_D6,R,S,S,S,S,S,S,S,S,5059STDY7175148,GU696,25964_1#329,987711,0.78,50.07,0.03,0.04,0,25964_1#329,Mexico,2350,Souza,B1,Non,NF,Animal,North America,Canis familiaris,Animalia,Chordata,Mammalia,Carnivora,Canidae,Canis
25964_1#97,1727,,,6,19,3,16,11,8,6,B1,1,1727,6,19,3,16,11,8,6,25964_1#97,GU689,Bassariscus astutus (84),Bassariscus astutus,NA,Mexico,V. Souza et al., Appl. Environ. Microbiol. 65, 3373–3385 (1999).,Sequencing 6,DN504228A,B1,6,PLATE6_B1,R,S,S,S,S,S,S,S,S,5059STDY7174914,GU689,25964_1#97,1064787,0.44,49.1,0.03,0.14,0.01,25964_1#97,Mexico,1727,Souza,B1,Non,NF,Animal,North America,Bassariscus astutus,Animalia,Chordata,Mammalia,Carnivora,Procyonidae,Bassariscus
25964_1#98,713,,,86,24,19,13,23,50,17,,124,713,86,24,19,13,23,50,17,25964_1#98,GU690,Bassariscus astutus (814),Bassariscus astutus,NA,,V. Souza et al., Appl. Environ. Microbiol. 65, 3373–3385 (1999).,Sequencing 6,DN504228A,C1,6,PLATE6_C1,S,S,S,S,S,S,S,S,S,5059STDY7174915,GU690,25964_1#98,1145200,1.61,88.82,0.02,0.27,0.01,25964_1#98,NF,713,Souza,NF,Non,NF,Animal,NF,Bassariscus astutus,Animalia,Chordata,Mammalia,Carnivora,Procyonidae,Bassariscus
25964_1#99,867,,,6,4,5,1,8,8,2,A,0,867,6,4,5,1,8,8,2,25964_1#99,GU694,Canis familiaris (1),Canis familiaris,NA,Mexico,V. Souza et al., Appl. Environ. Microbiol. 65, 3373–3385 (1999).,Sequencing 6,DN504228A,D1,6,PLATE6_D1,R,S,S,S,S,S,S,S,S,5059STDY7174916,GU694,25964_1#99,1186434,8.72,50.34,0.02,0.6,0.01,25964_1#99,Mexico,867,Souza,A,Non,NF,Animal,North America,Canis familiaris,Animalia,Chordata,Mammalia,Carnivora,Canidae,Canis
27970_1#122,106,,,21,35,27,6,5,8,4,D,3,106,21,35,27,6,5,8,4,27970_1#122,GU700,Canis latrans (90),Canis latrans,NA,Mexico,V. Souza et al., Appl. Environ. Microbiol. 65, 3373–3385 (1999).,Sequencing 16,Not assigned as of 181102,D6,16,PLATE16_D6,R,S,S,S,S,S,R,R,S,5059STDY7707505,GU700,27970_1#122,989084,1.18,80.43,0.01,0.06,0,27970_1#122,Mexico,106,Souza,D,Non,NF,Animal,North America,Canis latrans,Animalia,Chordata,Mammalia,Carnivora,Canidae,Canis
27970_1#156,106,,,21,35,27,6,5,8,4,D,3,106,21,35,27,6,5,8,4,27970_1#156,GU702,Canis latrans (92),Canis latrans ,NA,Mexico,V. Souza et al., Appl. Environ. Microbiol. 65, 3373–3385 (1999).,Sequencing 16,Not assigned as of 181102,D7,16,PLATE16_D7,R,S,S,S,S,S,R,R,S,5059STDY7707513,GU702,27970_1#156,1084815,1.21,81.81,0.01,0.06,0,27970_1#156,Mexico,106,Souza,D,Non,NF,Animal,North America,Canis latrans,Animalia,Chordata,Mammalia,Carnivora,Canidae,Canis
27970_1#188,2352,,,6,4,4,18,9,8,2,B1,1,2352,6,4,4,18,9,8,2,27970_1#188,GU716,Dipodomys merriami (286),Dipodomys merriami ,NA,Mexico,V. Souza et al., Appl. Environ. Microbiol. 65, 3373–3385 (1999).,Sequencing 16,Not assigned as of 181102,D8,16,PLATE16_D8,R,S,S,S,S,S,S,S,S,5059STDY7707521,GU716,27970_1#188,1013684,4.04,46.14,0.05,0.2,0.01,27970_1#188,Mexico,2352,Souza,B1,Non,NF,Animal,North America,Dipodomys merriami ,Animalia,Chordata,Mammalia,Rodentia,Heteromyidae,Dipodomys
27970_1#218,1250,,,100,23,7,45,7,3,7,,71,1250,100,23,7,45,7,3,7,27970_1#218,GU722,Equus caballus (809),Equus caballus,NA,,V. Souza et al., Appl. Environ. Microbiol. 65, 3373–3385 (1999).,Sequencing 16,Not assigned as of 181102,D9,16,PLATE16_D9,R,S,S,S,S,S,S,S,S,5059STDY7707529,GU722,27970_1#218,958011,3.29,30.34,0.85,0.81,0.02,27970_1#218,NF,1250,Souza,NF,Non,NF,Animal,NF,Equus ferus,Animalia,Chordata,Mammalia,Perissodactyla,Equidae,Equus
27970_1#250,129,,,6,23,3,26,9,7,7,B1,1,129,6,23,3,26,9,7,7,27970_1#250,GU759,Oryctolagus cuniculus (2355),Oryctolagus cuniculus,NA,Mexico,V. Souza et al., Appl. Environ. Microbiol. 65, 3373–3385 (1999).,Sequencing 16,Not assigned as of 181102,D10,16,PLATE16_D10,R,S,R,S,S,S,S,S,S,5059STDY7707537,GU759,27970_1#250,1088702,2.4,48.6,0.06,0.25,0.01,27970_1#250,Mexico,129,Souza,B1,Non,NF,Animal,North America,Oryctolagus cuniculus ,Animalia,Chordata,Mammalia,Lagomorpha,Leporidae,Oryctolagus
27970_1#28,713,,,86,24,19,13,23,50,17,,124,713,86,24,19,13,23,50,17,27970_1#28,GU686,Bassariscus astutus (815),Bassariscus astutus,NA,Mexico,V. Souza et al., Appl. Environ. Microbiol. 65, 3373–3385 (1999).,Sequencing 16,Not assigned as of 181102,D3,16,PLATE16_D3,S,S,S,S,S,S,S,S,S,5059STDY7707481,GU686,27970_1#28,895820,1.86,88.38,0.01,0.25,0.01,27970_1#28,Mexico,713,Souza,NF,Non,NF,Animal,North America,Bassariscus astutus,Animalia,Chordata,Mammalia,Carnivora,Procyonidae,Bassariscus
27970_1#310,716,,,10,7,4,140,8,8,2,A,0,716,10,7,4,140,8,8,2,27970_1#310,GU680,Artibeus sp. (3442),Artibeus sp.,NA,,V. Souza et al., Appl. Environ. Microbiol. 65, 3373–3385 (1999).,Sequencing 16,Not assigned as of 181102,C12,16,PLATE16_C12,S,S,S,S,S,S,S,S,S,5059STDY7707552,GU680,27970_1#310,967855,1.84,53.87,0.08,0.22,0.04,27970_1#310,NF,716,Souza,A,Non,NF,Animal,NF,Artibeus sp. ,Animalia,Chordata,Mammalia,Chiroptera,Phyllostomidae,Artibeus
27970_1#342,1299,Novel ST,,34,26,157,63,5,16,4,,487,1299,34,240,2,63,5,5,4,27970_1#342,GU682,Ateles geoffroyi (1669),Ateles geoffroyi,NA,Mexico,V. Souza et al., Appl. Environ. Microbiol. 65, 3373–3385 (1999).,Sequencing 16,Not assigned as of 181102,D1,16,PLATE16_D1,R,S,S,S,S,S,S,S,S,5059STDY7707465,GU682,27970_1#342,908162,3.31,78.76,0.06,0.33,0.03,27970_1#342,Mexico,1299,Souza,NF,Non,NF,Animal,North America,Ateles geoffroyi,Animalia,Chordata,Mammalia,Primates,Atelidae,Ateles
27970_1#362,4290,,,164,35,130,25,5,1,39,,1187,4290,164,35,130,25,5,1,39,27970_1#362,GU769,Panthera onca (65),Panthera onca,NA,Mexico,V. Souza et al., Appl. Environ. Microbiol. 65, 3373–3385 (1999).,Sequencing 17,Not assigned as of 181102,B2,17,PLATE17_B2,R,S,S,S,S,S,S,S,S,5059STDY7707567,GU769,27970_1#362,994522,3.63,78.41,0.05,0.26,0.01,27970_1#362,Mexico,4290,Souza,NF,Non,NF,Animal,North America,Panthera onca ,Animalia,Chordata,Mammalia,Carnivora,Felidae,Panthera
27970_1#374,2354,,,6,6,5,26,7,8,14,B1,1,2354,6,6,5,26,7,8,14,27970_1#374,GU684,Baiomys musculus (75),Baiomys musculus,NA,Mexico,V. Souza et al., Appl. Environ. Microbiol. 65, 3373–3385 (1999).,Sequencing 16,Not assigned as of 181102,D2,16,PLATE16_D2,R,S,S,S,S,S,S,S,S,5059STDY7707473,GU684,27970_1#374,1055350,2.31,50.03,0.02,0.35,0.01,27970_1#374,Mexico,2354,Souza,B1,Non,NF,Animal,North America,Baiomys musculus,Animalia,Chordata,Mammalia,Rodentia,Cricetidae,Baiomys
27970_1#90,4283,,,13,166,47,458,23,28,122,B2,101,4283,13,166,47,458,23,28,122,27970_1#90,GU692,Bos taurus (2379),Bos taurus,NA,Mexico,V. Souza et al., Appl. Environ. Microbiol. 65, 3373–3385 (1999).,Sequencing 16,Not assigned as of 181102,D5,16,PLATE16_D5,R,S,S,S,S,S,S,S,S,5059STDY7707497,GU692,27970_1#90,893774,1.86,88.35,0.02,0.22,0,27970_1#90,Mexico,4283,Souza,B2,Non,NF,Animal,North America,Bos taurus,Animalia,Chordata,Mammalia,Artiodactyla,Bovidae,Bos
27970_2#101,2562,,,120,54,46,48,239,40,38,Clade I,55,2562,120,54,46,48,239,40,38,27970_2#101,GU797,Tadarida brasiliensis (266),Tadarida brasiliensis ,NA,Mexico,V. Souza et al., Appl. Environ. Microbiol. 65, 3373–3385 (1999).,Sequencing 17,Not assigned as of 181102,B7,17,PLATE17_B7,S,S,S,S,S,S,S,S,S,5059STDY7707607,GU797,27970_2#101,918043,3.67,72.54,0.35,0.47,0.09,27970_2#101,Mexico,2562,Souza,Clade I,Non,NF,Animal,North America,Tadarida brasiliensis,Animalia,Chordata,Mammalia,Chiroptera,Molossidae,Tadarida
27970_2#189,28,,,13,21,13,22,17,14,15,B2,29,28,13,21,13,22,17,14,15,27970_2#189,GU779,Peromyscus megalops (95),Peromyscus megalops,NA,Mexico,V. Souza et al., Appl. Environ. Microbiol. 65, 3373–3385 (1999).,Sequencing 17,Not assigned as of 181102,B4,17,PLATE17_B4,S,S,S,S,S,S,S,S,S,5059STDY7707583,GU779,27970_2#189,948772,3.93,82.52,0.02,0.42,0,27970_2#189,Mexico,28,Souza,B2,Non,NF,Animal,North America,Peromyscus megalops,Animalia,Chordata,Mammalia,Rodentia,Cricetidae,Peromyscus
27970_2#194,5145,Unknown,,332,464,352,389,299,294,94,NA,NA,NA,NA,NA,NA,NA,NA,NA,NA,27970_2#194,GU793,Sus scrofa domesticus (4953),Sus scrofa domesticus ,NA,,V. Souza et al., Appl. Environ. Microbiol. 65, 3373–3385 (1999).,Sequencing 17,Not assigned as of 181102,B5,17,PLATE17_B5,R,S,R,S,R,S,S,S,S,5059STDY7707591,GU793,27970_2#194,938618,29.39,0.6,41.02,0.53,5.28,27970_2#194,NF,5145,Souza,NF,Non,NF,Animal,NF,Sus scrofa domesticus,Animalia,Chordata,Mammalia,Artiodactyla,Suidae,Sus
27970_2#201,5145,Unknown,,332,464,352,U,299,294,94,NA,NA,NA,NA,NA,NA,NA,NA,NA,NA,27970_2#201,GU796,Tadarida brasiliensis (261),Tadarida brasiliensis,NA,Mexico,V. Souza et al., Appl. Environ. Microbiol. 65, 3373–3385 (1999).,Sequencing 17,Not assigned as of 181102,B6,17,PLATE17_B6,R,R,R,R,R,R,R,S,S,5059STDY7707599,GU796,27970_2#201,889286,20.55,0.37,61.08,0.39,2.79,27970_2#201,Mexico,5145,Souza,NF,Non,NF,Animal,North America,Tadarida brasiliensis,Animalia,Chordata,Mammalia,Chiroptera,Molossidae,Tadarida
27970_2#217,4283,,,13,166,47,458,23,28,122,B2,101,4283,13,166,47,458,23,28,122,27970_2#217,GU811,Tursiops truncatus (2027),Tursiops truncatus ,NA,Mexico,V. Souza et al., Appl. Environ. Microbiol. 65, 3373–3385 (1999).,Sequencing 17,Not assigned as of 181102,B8,17,PLATE17_B8,R,S,S,S,S,S,S,S,S,5059STDY7707615,GU811,27970_2#217,1112589,1.82,88.55,0.01,0.23,0,27970_2#217,Mexico,4283,Souza,B2,Non,NF,Animal,North America,Tursiops truncatus ,Animalia,Chordata,Mammalia,Artiodactyla,Delphinidae,Tursiops
27970_2#9,4290,,,164,35,130,25,5,1,39,,1187,4290,164,35,130,25,5,1,39,27970_2#9,GU770,Panthera onca (66),Panthera onca,NA,Mexico,V. Souza et al., Appl. Environ. Microbiol. 65, 3373–3385 (1999).,Sequencing 17,Not assigned as of 181102,B3,17,PLATE17_B3,R,S,S,S,S,S,S,S,S,5059STDY7707575,GU770,27970_2#9,946886,3.74,78.54,0.05,0.27,0.01,27970_2#9,Mexico,4290,Souza,NF,Non,NF,Animal,North America,Panthera onca,Animalia,Chordata,Mammalia,Carnivora,Felidae,Panthera
