Isolate,Order,Genus,Spieces,aaiC,aap,aar,aatA,agg,ailA,air,astA,capU,cba,cdtB,celb,cif,cma,cnf1,eae,efa1,ehxA,eilA,esp,etpD,f17,gad,iha,IpfA,ireA,iroN,iss,katP,ltcA,mch,mcmA,nle,pic,sat,senB,sepA,sfaS,stx,tccP,tir,vat
24742_1#104,Rodentia,Perognathus,Perognathus penicillatus,0,0,0,0,0,0,0,0,0,0,0,0,0,1,0,0,0,0,0,0,0,0,2,0,1,0,0,1,0,0,0,0,0,1,0,0,0,0,0,0,0,0
24742_1#106,Rodentia,Sigmodon,Sigmodon mascotensis,0,0,0,0,0,0,1,0,0,0,0,0,0,0,0,0,0,0,1,0,0,0,1,0,1,0,0,0,0,0,0,0,0,0,0,0,1,0,0,0,0,0
24742_1#107,Perissodactyla,Tapirus,Tapirus bairdii,0,0,0,0,0,0,0,0,0,0,0,0,0,0,0,0,0,0,0,0,0,0,1,0,1,0,0,1,0,0,0,0,0,0,0,0,0,0,0,0,0,0
24742_1#110,Rodentia,Peromyscus,Peromyscus sp.,0,0,0,0,0,0,0,0,0,0,0,0,0,0,0,0,0,0,0,0,0,0,2,0,1,0,0,1,0,0,0,0,0,0,0,0,0,0,0,0,0,0
24742_1#111,Perissodactyla,Tapirus,Tapirus terrestris,0,0,0,0,0,0,0,0,0,0,0,0,0,0,0,0,0,0,0,0,0,0,1,0,0,0,0,1,0,0,0,0,0,0,0,0,0,0,0,0,0,0
24742_1#113,Didelphimorphia,Philander,Philander opossum,0,0,0,0,0,0,0,0,0,0,0,0,0,0,0,0,0,0,0,0,0,0,1,0,0,0,0,1,0,0,0,0,0,0,0,0,0,0,0,0,0,1
24742_1#114,Sirenia,Trichechus,Trichechus manatus,0,0,0,0,0,0,0,0,0,0,0,0,0,0,0,0,0,0,0,0,0,0,1,0,1,0,0,1,0,0,0,0,0,0,0,0,0,0,0,0,0,0
24742_1#118,Carnivora,Procyon,Procyon lotor,0,0,0,0,0,0,0,0,0,0,0,0,0,0,0,0,0,0,0,0,0,0,2,0,0,0,0,0,0,0,0,0,0,0,0,0,0,0,0,0,0,0
24742_1#119,Sirenia,Trichechus,Trichechus manatus,0,0,0,0,0,0,0,0,0,0,0,0,0,0,0,0,0,0,0,0,0,0,2,0,1,0,0,1,0,0,0,0,0,0,0,0,0,0,0,0,0,0
24742_1#22,Rodentia,Perognathus,Perognathus penicillatus,0,0,0,0,0,0,0,0,0,0,0,0,0,1,0,0,0,0,0,0,0,0,2,0,1,0,0,1,0,0,0,0,0,1,0,0,0,0,0,0,0,0
24742_1#23,Perissodactyla,Tapirus,Tapirus bairdii,0,0,0,0,0,0,0,0,0,0,0,0,0,0,0,0,0,0,0,0,0,0,2,0,0,0,1,2,0,0,0,0,0,1,0,0,0,0,0,0,0,1
24742_1#24,Carnivora,Urocyon,Urocyon cinereoargenteus,0,0,0,0,0,1,1,0,0,0,0,0,0,0,0,0,0,0,0,0,0,0,0,0,1,0,0,1,0,0,0,0,0,0,0,0,1,0,0,0,0,0
24742_1#27,Carnivora,Canis,Canis familiaris,0,0,0,0,0,0,0,0,0,0,0,0,0,0,0,0,0,0,0,0,0,0,1,0,1,0,0,0,0,0,0,0,0,0,0,0,0,0,0,0,0,0
24742_1#28,Rodentia,Peromyscus,Peromyscus boylii,0,0,0,0,0,0,0,1,0,1,0,0,1,1,0,1,0,0,0,1,0,0,1,0,0,0,0,0,0,0,3,1,2,0,0,0,0,0,0,0,1,1
24742_1#295,Lagomorpha,Romerolagus,Romerolagus diazi,0,0,0,0,0,0,0,1,0,0,0,0,0,0,0,0,0,0,0,0,0,0,1,0,1,0,0,1,0,0,0,0,0,0,0,0,0,0,0,0,0,0
24742_1#298,Rodentia,Heteromys,Liomys pictus,0,0,0,0,0,0,0,0,0,0,0,0,0,0,0,0,0,0,0,0,0,0,1,0,1,0,0,1,0,0,0,0,0,0,0,0,0,0,0,0,0,0
24742_1#299,Artiodactyla,Ovis,Ovis aries,0,0,0,0,0,0,1,1,0,0,0,0,0,0,0,0,0,0,1,0,0,0,1,0,0,0,0,0,0,0,0,0,0,0,0,0,0,0,0,0,0,0
24742_1#30,Perissodactyla,Tapirus,Tapirus bairdii,0,0,0,0,0,0,1,0,0,0,0,0,0,0,0,0,0,0,1,0,0,0,2,0,1,0,0,1,0,0,0,0,0,0,0,0,0,0,0,0,0,0
24742_1#305,Cingulata,Dasypus,Dasypus sp.,0,0,0,0,0,0,0,0,0,0,0,0,0,0,0,0,0,0,0,0,0,0,2,0,0,0,0,0,0,0,0,0,0,0,0,0,0,0,0,0,0,0
24742_1#306,Artiodactyla,Odocoileus,Odocoeileus virginianus,0,0,0,0,0,0,0,0,0,1,0,0,0,1,0,0,0,0,0,0,0,2,1,0,1,0,0,0,0,0,0,0,0,0,0,0,0,0,0,0,0,0
24742_1#307,Primates,Homo,Homo sapiens,0,0,0,0,0,0,0,0,0,0,0,0,0,0,0,0,0,0,0,0,0,0,2,0,1,0,0,1,0,1,0,0,0,0,0,0,0,0,0,0,0,0
24742_1#308,Artiodactyla,Odocoileus,Odocoeileus virginianus,0,0,0,0,0,0,1,0,0,0,0,0,0,0,0,0,0,0,1,0,0,0,1,0,0,0,0,0,0,0,0,0,0,0,0,0,0,0,0,0,0,0
24742_1#309,Carnivora,Canis,Canis latrans,0,0,0,0,0,0,0,2,0,0,0,0,0,0,0,1,1,0,0,4,0,0,2,0,0,0,0,1,0,0,0,0,4,0,0,0,0,0,0,0,1,0
24742_1#31,Carnivora,Urocyon,Urocyon cinereoargenteus,0,0,0,0,0,0,0,1,0,0,0,1,0,0,0,0,0,0,0,0,0,0,2,0,1,0,0,1,0,0,0,0,0,1,0,0,0,0,0,0,0,0
24742_1#310,Didelphimorphia,Tlacuatzin,Marmosa camescens,0,0,0,0,0,0,1,0,0,0,0,0,0,0,0,0,0,0,1,0,0,0,2,0,1,0,0,1,0,0,0,0,0,0,0,0,0,0,0,0,0,0
24742_1#311,Chiroptera,Leptonycteris,Leptonycteris nivalis,0,0,0,0,0,0,0,0,0,0,0,0,0,0,0,0,0,0,0,0,0,0,1,0,1,0,0,1,0,0,0,0,0,0,0,0,0,0,0,0,0,0
24742_1#312,Lagomorpha,Oryctolagus,Oryctolagus cuniculus,0,0,0,0,0,0,0,0,0,0,0,0,0,0,0,0,0,0,0,0,0,0,2,0,1,0,0,1,0,0,0,0,0,1,0,0,0,0,0,0,0,0
24742_1#313,Chiroptera,Leptonycteris,Leptonycteris nivalis,0,0,0,0,0,0,0,1,0,0,0,0,0,0,0,1,0,0,0,3,0,0,2,0,0,0,0,0,0,0,0,0,2,0,0,0,1,0,0,0,1,0
24742_1#314,Carnivora,Nasua,Nasua narica,0,0,0,0,0,0,0,0,0,0,0,0,0,0,0,0,0,0,0,0,0,0,2,0,1,0,0,1,0,0,0,0,0,0,0,0,0,0,0,0,0,0
24742_1#315,Artiodactyla,Ovis,Ovis aries,0,0,0,0,0,0,0,0,0,0,0,0,0,0,0,0,0,0,0,0,0,0,2,0,0,0,1,1,0,0,0,0,0,0,0,0,0,0,0,0,0,1
24742_1#316,Carnivora,Nasua,Nasua narica,0,0,0,0,0,0,0,0,0,0,0,0,0,0,0,0,0,0,0,0,0,0,2,0,1,0,0,0,0,0,0,0,0,0,0,0,0,0,0,0,0,0
24742_1#317,Rodentia,Heteromys,Liomys pictus,0,0,0,0,0,0,0,1,0,0,1,1,0,0,0,0,0,0,0,0,0,0,1,0,1,0,0,1,0,0,0,0,0,1,0,0,0,0,0,0,0,0
24742_1#34,Rodentia,Peromyscus,Peromyscus boylii,0,0,0,0,0,0,0,1,0,0,0,0,0,0,0,0,0,0,0,0,0,0,2,0,0,0,0,0,0,0,0,0,0,1,0,0,0,0,0,0,0,0
24742_1#35,Rodentia,Sigmodon,Sigmodon mascotensis,0,0,0,0,0,0,0,0,0,0,0,1,0,0,0,0,0,0,0,0,0,0,1,0,0,0,0,2,0,0,0,0,0,1,0,0,0,0,0,0,0,1
24742_1#36,Perissodactyla,Tapirus,Tapirus bairdii,0,0,0,0,0,0,1,0,0,0,0,0,0,0,0,0,0,0,1,0,0,0,2,0,1,0,0,1,0,0,0,0,0,0,0,0,0,0,0,0,0,0
24742_1#37,Carnivora,Urocyon,Urocyon cinereoargenteus,0,0,0,0,0,0,0,0,0,0,0,0,0,0,0,0,0,0,0,0,0,0,1,0,1,0,0,1,0,0,0,0,0,1,0,0,0,0,0,0,0,0
24742_1#41,Rodentia,Peromyscus,Peromyscus sp.,0,0,0,0,0,0,0,0,0,0,0,0,0,0,0,0,0,0,0,0,0,0,1,0,1,0,0,1,0,0,0,0,0,0,0,0,0,0,0,0,0,0
24742_1#42,Suliformes,Sula,Sula nebouxi,0,0,0,0,0,0,0,0,0,0,0,0,0,0,0,0,0,0,0,0,0,0,1,0,1,0,0,1,0,0,0,0,0,0,0,0,0,0,0,0,0,0
24742_1#43,Perissodactyla,Tapirus,Tapirus terrestris,0,0,0,0,0,0,0,0,0,0,0,0,0,0,0,0,0,0,0,0,0,0,0,0,0,0,0,1,0,0,0,0,0,0,0,0,0,0,0,0,0,0
24742_1#44,Artiodactyla,Bos,Bos taurus,0,0,0,0,0,0,0,1,0,0,0,0,0,0,0,0,0,0,0,0,0,0,1,0,1,0,0,0,0,0,0,0,0,0,0,0,0,0,0,0,0,0
24742_1#48,Cingulata,Dasypus,Dasypus sp.,0,0,0,0,0,0,0,0,0,0,0,0,0,0,1,0,0,0,0,0,0,0,1,0,0,0,1,1,0,0,0,1,0,1,0,0,0,1,0,0,0,1
24742_1#49,Rodentia,Heteromys,Liomys pictus,0,0,0,0,0,0,0,0,0,0,0,0,0,0,0,0,0,0,0,0,0,0,2,0,1,0,0,1,0,0,0,0,0,0,0,0,0,0,0,0,0,0
24742_1#50,Artiodactyla,Sus,Sus scrofa domesticus,0,0,0,0,0,0,0,0,0,1,0,0,1,1,0,1,1,0,0,4,0,0,2,1,1,0,0,1,1,0,0,0,4,0,0,0,1,0,0,0,1,0
24742_1#51,Artiodactyla,Pecari,Tayassu tajacu,0,0,0,0,0,0,0,0,0,0,0,0,0,0,0,0,0,0,0,0,0,0,1,0,1,1,0,0,0,0,0,0,0,0,0,0,0,0,0,0,0,0
24742_1#59,Passeriformes,Basileuterus,Basileuterus belli,0,0,0,0,0,0,0,0,0,0,0,0,0,0,0,0,0,0,0,0,0,0,2,0,1,0,0,1,0,0,0,0,0,0,0,0,0,0,0,0,0,0
24742_1#60,Carnivora,Canis,Canis latrans,0,0,0,0,0,0,0,2,0,0,0,0,0,0,0,1,1,0,0,3,0,0,2,0,0,0,0,1,0,0,0,0,4,0,0,0,0,0,0,0,1,0
24742_1#61,Carnivora,Felis,Felis catus,0,0,0,0,0,0,0,0,0,0,0,0,0,0,0,0,0,0,0,0,0,0,0,0,0,0,0,0,0,0,0,0,0,0,0,0,0,0,0,0,0,0
24742_1#62,Carnivora,Panthera,Panthera onca,0,0,0,0,0,0,0,0,0,0,0,0,1,0,0,1,0,0,0,3,0,0,2,0,1,0,0,1,0,0,0,0,3,0,0,0,1,0,0,0,1,0
24742_1#63,Carnivora,Bassariscus,Bassariscus astutus,0,0,0,0,0,0,0,0,0,0,0,0,0,0,0,1,0,0,0,3,0,0,1,0,0,0,0,1,0,0,0,0,2,0,0,0,0,0,0,0,1,0
24742_1#64,Didelphimorphia,Didelphis,Didelphis virginiana,0,0,0,0,0,0,0,0,0,0,0,0,0,0,0,0,0,1,0,0,0,0,1,0,1,0,0,0,0,0,0,0,0,0,0,0,0,0,0,0,0,0
24742_1#65,Carnivora,Felis,Felis catus,0,0,0,0,0,0,0,0,0,0,0,0,0,0,0,0,0,0,0,0,0,0,0,0,1,0,0,0,0,0,0,0,0,0,0,0,0,0,0,0,0,0
24742_1#66,Lagomorpha,Oryctolagus,Oryctolagus cuniculus,0,0,0,0,0,0,0,0,0,0,0,0,0,0,0,0,0,0,0,0,0,0,2,0,1,0,0,1,0,0,0,0,0,1,0,0,0,0,0,0,0,0
24742_1#67,Carnivora,Canis,Canis latrans,0,0,0,0,0,0,1,0,0,0,0,0,0,1,0,0,0,0,1,0,0,0,1,0,1,0,1,2,0,0,1,0,0,0,0,0,0,0,0,0,0,0
24742_1#68,Didelphimorphia,Didelphis,Didelphis virginiana,0,0,0,0,0,0,0,0,0,0,0,0,0,0,0,0,0,0,0,0,0,0,2,0,1,0,0,0,0,0,0,0,0,1,0,0,0,0,0,0,0,0
24742_1#69,Carnivora,Felis,Felis catus,0,0,0,0,0,0,0,0,0,0,0,0,0,0,0,0,0,0,0,0,0,0,1,0,1,0,0,0,0,0,0,0,0,0,0,0,0,0,0,0,0,0
24742_1#70,Didelphimorphia,Didelphis,Didelphis virginiana,0,0,0,0,0,0,0,0,0,0,0,0,0,0,0,0,0,1,0,0,0,0,2,0,1,0,0,0,0,0,0,0,0,0,0,0,0,0,0,0,0,0
24742_1#71,Carnivora,Puma,Felis concolor,0,0,0,0,0,0,1,0,0,0,0,0,0,0,0,0,0,0,1,0,0,0,2,0,0,0,0,1,0,0,0,0,0,0,0,0,0,0,0,0,0,0
24742_1#73,Rodentia,Oryzomys,Oryzomys sp.,1,0,0,0,0,0,0,0,0,0,0,0,0,0,0,0,0,0,0,0,0,0,1,0,1,0,0,0,0,0,0,0,0,0,0,0,0,0,0,0,0,0
24742_1#74,Carnivora,Puma,Felis concolor,0,0,0,0,0,0,1,1,0,0,0,0,0,0,0,0,0,0,1,0,0,0,1,0,1,0,0,0,0,0,3,1,0,0,0,0,0,0,0,0,0,0
24742_1#75,Rodentia,Mus,Mus musculus,0,0,0,0,0,0,0,0,0,1,0,0,1,1,0,1,1,0,0,4,0,0,1,1,1,0,0,1,1,0,0,0,4,0,0,0,1,0,0,0,1,0
24742_1#76,Rodentia,Oryzomys,Oryzomys sp.,1,0,0,0,0,0,0,1,0,0,0,0,0,0,0,0,0,0,0,0,0,0,1,0,2,0,0,0,0,0,0,0,0,0,0,0,0,0,0,0,0,0
24742_1#78,Galliformes,Gallus,Gallus gallus,0,0,0,0,0,0,1,0,0,0,0,0,0,0,0,0,0,0,1,0,0,0,1,1,1,0,0,1,0,0,0,0,0,0,1,1,0,0,0,0,0,0
24742_1#79,Rodentia,Heteromys,Liomys pictus,0,0,0,0,0,0,0,1,0,0,1,1,0,0,0,0,0,0,0,0,0,0,1,0,1,0,0,1,0,0,0,0,0,1,0,0,0,0,0,0,0,0
24742_1#82,Rodentia,Dipodomys,Dipodomys merriami,0,0,0,0,0,0,0,0,0,0,0,0,0,1,0,0,0,0,0,0,0,0,1,0,1,0,0,1,0,0,0,0,0,1,0,0,0,0,0,0,0,0
24742_1#83,Rodentia,Habromys,Habromys sp.,0,0,0,0,0,0,0,0,0,0,0,0,0,0,0,0,0,0,0,0,0,0,0,0,0,0,0,1,0,0,0,0,0,0,0,0,0,0,0,0,0,0
24742_1#84,Rodentia,Heteromys,Liomys pictus,0,0,0,0,0,0,0,1,0,0,1,1,0,0,0,0,0,0,0,0,0,0,1,0,1,0,0,1,0,0,0,0,0,1,0,0,0,0,0,0,0,0
24742_1#85,Chiroptera,Choeronycteris,Choeronycteris mexicana,0,0,0,0,0,0,0,0,1,0,0,0,0,0,0,0,0,0,0,0,0,0,1,0,0,0,0,1,0,0,0,0,0,0,0,0,0,0,0,0,0,0
24742_1#86,Rodentia,Dipodomys,Dipodomys merriami,0,0,0,0,0,0,0,0,0,0,0,0,0,1,0,0,0,0,0,0,0,0,2,0,1,0,0,1,0,0,0,0,0,1,0,0,0,0,0,0,0,0
24742_1#88,Artiodactyla,Ovis,Ovis aries,0,0,0,0,0,0,0,1,0,0,0,0,1,0,0,1,1,0,0,4,0,0,1,1,1,0,0,0,0,0,0,0,2,0,0,0,0,0,2,1,1,0
25964_1#102,Rodentia,Habromys,Habromys sp.,0,0,0,0,0,0,0,0,0,0,0,0,0,0,0,0,0,0,0,0,0,0,1,0,0,0,0,1,0,0,0,0,0,0,0,0,0,0,0,0,0,0
25964_1#103,Primates,Homo,Homo sapiens,0,0,0,0,0,0,0,0,0,0,0,0,0,0,0,0,0,0,0,0,0,0,2,0,1,0,0,2,0,1,0,0,0,0,0,0,0,0,0,0,0,0
25964_1#104,Primates,Alouatta,Alouatta palliata,0,0,0,0,0,0,0,0,0,0,0,0,0,0,0,1,0,0,0,4,1,0,2,0,0,0,0,0,0,0,0,0,0,0,0,0,0,0,0,0,1,0
25964_1#108,Chiroptera,Desmodus,Desmodus rotundus,0,0,0,0,0,0,0,0,0,0,0,0,0,0,0,0,0,0,0,0,0,0,1,0,1,0,0,0,0,0,0,0,0,0,0,0,0,0,0,0,0,0
25964_1#112,Primates,Alouatta,Alouatta palliata,0,0,0,0,0,0,0,0,0,0,0,0,0,0,0,1,0,0,0,4,0,0,1,0,0,0,0,0,0,0,0,0,1,0,0,0,0,0,0,0,1,0
25964_1#115,Carnivora,Canis,Canis latrans,0,0,0,0,0,0,0,2,0,0,0,0,0,0,0,1,1,0,0,4,0,0,2,0,0,0,0,1,0,0,0,0,4,0,0,0,0,0,0,0,1,0
25964_1#116,Didelphimorphia,Didelphis,Didelphis virginiana,0,0,0,0,0,0,0,0,0,0,0,0,0,0,0,0,0,0,0,0,0,0,0,0,0,0,0,1,0,0,0,0,0,0,0,0,0,0,0,0,0,0
25964_1#118,Passeriformes,Henicorhina,Henicorhina leucophrys,0,0,0,0,0,0,1,0,0,0,1,0,0,0,0,0,0,0,1,0,0,0,2,0,0,0,0,0,0,0,0,0,0,0,0,0,0,0,0,0,0,0
25964_1#119,Primates,Homo,Homo sapiens,1,1,1,1,5,0,0,1,0,0,0,0,0,0,0,0,0,0,0,1,0,0,2,1,0,0,0,0,0,0,3,1,0,1,0,0,0,0,0,0,0,0
25964_1#120,Primates,Alouatta,Alouatta palliata,0,0,0,0,0,0,0,1,0,0,0,0,0,0,0,0,0,0,0,0,0,0,2,0,0,0,0,0,0,0,1,0,0,0,0,0,0,0,0,0,0,0
25964_1#127,Rodentia,Hydrochoerus,Hydrochaeris hydrochaeris,0,0,0,0,0,0,0,0,0,0,0,0,0,0,0,0,0,0,0,0,0,0,1,0,1,0,0,0,0,0,0,0,0,0,0,0,0,0,0,0,0,0
25964_1#135,Carnivora,Lontra,Lutra longicaudis,0,0,0,0,0,0,0,0,0,0,0,0,0,0,0,0,0,0,0,0,0,0,2,0,1,0,0,1,0,0,0,0,0,0,0,0,0,0,0,0,0,0
25964_1#151,Carnivora,Lontra,Lutra longicaudis,0,0,0,0,0,0,1,0,0,0,0,0,0,0,0,0,0,0,1,0,0,0,2,0,0,0,0,1,0,0,0,0,0,0,0,0,0,0,0,0,0,0
25964_1#152,Accipitriformes,Aquila,Aquila chrysaetus,0,0,0,0,0,0,1,0,0,0,0,0,0,0,0,0,0,0,1,0,0,0,1,0,1,0,0,0,0,0,0,0,0,0,0,0,1,0,0,0,0,0
25964_1#159,Carnivora,Lontra,Lutra longicaudis,0,0,0,0,0,0,0,0,0,0,0,0,0,0,0,0,0,0,0,0,0,0,2,0,1,0,0,1,0,0,0,0,0,0,0,0,0,0,0,0,0,0
25964_1#160,Psittaciformes,Eupsittula,Aratinga canicularis,0,0,0,0,0,0,0,0,0,0,0,0,0,0,0,0,0,0,0,0,0,0,1,0,1,0,0,1,0,1,0,0,0,0,0,0,0,0,0,0,0,0
25964_1#176,Psittaciformes,Eupsittula,Aratinga ocularis,1,0,1,1,5,0,0,1,0,0,0,0,0,0,0,0,0,0,0,1,0,0,1,1,0,0,0,0,0,0,3,1,0,1,0,0,0,0,0,0,0,0
25964_1#183,Rodentia,Nyctomys,Nyctomys sp.,0,0,0,0,0,0,0,0,0,0,0,1,0,0,0,0,0,0,0,0,0,0,2,0,1,0,0,2,0,0,0,0,0,1,0,0,0,0,0,0,0,1
25964_1#184,Chiroptera,Artibeus,Artibeus sp.,0,0,0,0,0,0,0,0,0,0,0,0,1,0,0,1,0,0,0,2,0,0,2,0,0,0,0,0,0,0,0,0,1,0,0,0,0,0,0,0,1,1
25964_1#191,Artiodactyla,Odocoileus,Odocoeileus virginianus,0,0,0,0,0,0,0,0,0,0,0,0,0,0,0,0,0,0,0,0,0,0,1,0,1,0,0,0,0,0,0,0,0,0,0,0,0,0,0,0,0,0
25964_1#192,Lagomorpha,Romerolagus,Romerolagus diazi,0,0,0,0,0,0,0,1,0,0,0,0,0,0,0,0,0,0,0,0,0,0,1,0,1,0,0,1,0,0,0,0,0,0,0,0,0,0,0,0,0,0
25964_1#193,Artiodactyla,Tursiops,Tursiops truncatus,0,0,0,0,0,0,0,0,0,0,0,0,0,0,0,0,0,0,0,0,0,0,2,0,0,0,1,2,0,0,0,0,0,0,0,0,0,0,0,0,0,1
25964_1#199,Artiodactyla,Ovis,Ovis aries,0,0,0,0,0,0,0,0,0,0,0,0,0,0,0,0,0,0,0,1,0,0,2,0,0,0,1,1,0,0,0,0,0,0,0,0,0,0,0,0,1,1
25964_1#200,Lagomorpha,Sylvilagus,Sylvilagus sp.,0,0,0,0,0,0,0,0,0,0,0,0,0,0,0,0,0,0,0,0,0,0,1,0,0,0,0,1,0,0,0,0,0,0,0,0,0,0,0,0,0,0
25964_1#207,Carnivora,Panthera,Panthera onca,0,0,0,0,0,0,0,0,0,0,0,0,1,0,0,1,0,0,0,3,0,0,2,0,1,0,0,1,0,0,0,0,3,0,0,0,1,0,0,0,1,0
25964_1#231,Rodentia,Perognathus,Perognathus penicillatus,0,0,0,0,0,0,0,0,0,0,0,0,0,1,0,0,0,0,0,0,0,0,2,0,1,0,0,1,0,0,0,0,0,1,0,0,0,0,0,0,0,0
25964_1#232,Pilosa,Tamandua,Tamandua mexicana,0,0,0,0,0,0,0,1,0,0,0,0,0,0,0,0,0,0,0,0,0,0,2,0,0,0,0,0,0,0,0,0,0,0,0,0,0,0,0,0,0,0
25964_1#238,Passeriformes,Arremon,Atlapetes brunneinucha,0,0,0,0,0,0,1,0,0,0,1,1,0,0,0,0,0,0,0,0,0,0,2,0,0,0,0,0,0,0,0,0,0,0,0,0,0,0,0,0,0,0
25964_1#239,Rodentia,Peromyscus,Peromyscus sp.,0,0,0,0,0,0,0,0,0,0,0,0,0,0,0,0,0,0,0,0,0,0,2,0,1,0,0,1,0,0,0,0,0,0,0,0,0,0,0,0,0,0
25964_1#247,Carnivora,Procyon,Procyon lotor,0,0,0,0,0,0,0,0,0,0,0,0,0,0,0,0,0,0,0,0,0,0,2,0,0,0,0,0,0,0,0,0,0,0,0,0,0,0,0,0,0,0
25964_1#263,Carnivora,Procyon,Procyon lotor,0,0,0,0,0,0,0,0,0,0,0,0,0,0,0,0,0,0,0,0,0,0,1,0,1,0,0,1,0,0,0,0,0,0,0,0,0,0,0,0,0,0
25964_1#264,Pilosa,Tamandua,Tamandua mexicana,0,0,0,0,0,0,0,0,0,0,0,0,0,0,0,0,0,0,0,0,0,0,2,0,0,0,0,0,0,0,0,0,0,0,0,0,0,0,0,0,0,0
25964_1#273,Carnivora,Urocyon,Urocyon cinereoargenteus,0,0,0,0,0,0,0,1,0,0,0,0,0,0,0,0,0,0,0,0,0,0,1,0,1,0,0,2,0,0,0,0,0,1,0,0,0,0,0,0,0,0
25964_1#279,Lagomorpha,Romerolagus,Romerolagus diazi,0,0,0,0,0,0,0,1,0,0,0,0,0,0,0,0,0,0,0,0,0,0,1,0,1,0,0,1,0,0,0,0,0,0,0,0,0,0,0,0,0,0
25964_1#280,Artiodactyla,Tursiops,Tursiops truncatus,0,0,0,0,0,0,0,0,0,0,0,0,0,0,0,0,0,0,0,0,0,0,2,0,0,0,1,2,0,0,0,0,0,0,0,0,0,0,0,0,0,1
25964_1#289,Carnivora,Bassariscus,Bassariscus astutus,0,0,0,0,0,0,0,0,0,0,0,0,0,0,0,1,0,0,0,3,0,0,2,0,0,0,0,1,0,0,0,0,2,0,0,0,0,0,0,0,1,0
25964_1#329,Carnivora,Canis,Canis familiaris,0,0,0,0,0,0,0,0,0,0,0,0,0,0,0,0,0,0,0,0,0,0,1,0,1,0,0,0,0,0,0,0,0,0,0,0,0,0,0,0,0,0
25964_1#97,Carnivora,Bassariscus,Bassariscus astutus,0,0,0,0,0,0,0,0,0,0,0,0,0,0,0,0,0,0,0,0,0,0,1,0,1,0,0,1,0,0,0,0,0,0,0,0,0,0,0,0,0,0
25964_1#98,Carnivora,Bassariscus,Bassariscus astutus,0,0,0,0,0,0,0,0,0,0,0,0,0,0,0,1,0,0,0,3,0,0,1,0,0,0,0,1,0,0,0,0,2,0,0,0,0,0,0,0,1,0
25964_1#99,Carnivora,Canis,Canis familiaris,0,0,0,0,0,0,0,0,0,0,0,0,0,0,0,0,0,0,0,0,0,0,1,0,0,0,0,0,0,0,0,0,0,0,0,0,0,0,0,0,0,0
27970_1#122,Carnivora,Canis,Canis latrans,0,0,0,0,0,0,1,0,0,0,0,0,0,1,0,0,0,0,1,0,0,0,1,0,1,0,1,2,0,0,1,0,0,0,0,0,0,0,0,0,0,0
27970_1#156,Carnivora,Canis,Canis latrans,0,0,0,0,0,0,1,0,0,0,0,0,0,1,0,0,0,0,1,0,0,0,1,0,1,0,1,2,0,0,1,0,0,0,0,0,0,0,0,0,0,0
27970_1#188,Rodentia,Dipodomys,Dipodomys merriami,0,0,0,0,0,0,0,0,0,0,0,0,0,1,0,0,0,0,0,0,0,0,2,0,1,0,0,1,0,0,0,0,0,1,0,0,0,0,0,0,0,0
27970_1#250,Lagomorpha,Oryctolagus,Oryctolagus cuniculus,0,0,0,0,0,0,0,0,0,0,0,0,0,0,0,0,0,0,0,0,0,0,2,0,1,0,0,1,0,0,0,0,0,1,0,0,0,0,0,0,0,0
27970_1#28,Carnivora,Bassariscus,Bassariscus astutus,0,0,0,0,0,0,0,0,0,0,0,0,0,0,0,1,0,0,0,3,0,0,2,0,0,0,0,1,0,0,0,0,2,0,0,0,0,0,0,0,1,0
27970_1#310,Chiroptera,Artibeus,Artibeus sp.,0,0,0,0,0,0,0,0,0,0,0,0,0,0,0,0,0,0,0,0,0,0,1,0,0,0,0,0,0,0,0,0,0,0,0,0,0,0,0,0,0,0
27970_1#342,Primates,Ateles,Ateles geoffroyi,0,0,0,0,0,0,0,0,0,0,0,0,0,0,0,1,1,0,1,5,0,0,1,0,2,0,0,0,0,0,0,0,2,0,0,0,0,0,0,0,1,0
27970_1#362,Carnivora,Panthera,Panthera onca,0,0,0,0,0,0,1,0,0,0,0,0,0,0,0,0,0,0,1,0,0,0,2,0,0,0,0,0,0,0,0,0,0,0,0,0,0,0,0,0,0,0
27970_1#374,Rodentia,Baiomys,Baiomys musculus,0,0,0,0,0,0,0,1,0,0,0,0,0,0,0,0,0,0,0,0,0,0,1,0,1,0,0,1,0,0,0,0,0,1,0,0,0,0,0,0,0,0
27970_1#90,Artiodactyla,Bos,Bos taurus,0,0,0,0,0,0,0,0,0,0,0,0,0,0,0,0,0,0,0,0,0,0,2,0,0,0,1,2,0,0,0,0,0,0,0,0,0,0,0,0,0,1
27970_2#101,Chiroptera,Tadarida,Tadarida brasiliensis,0,0,0,0,0,0,1,0,0,0,0,0,0,0,0,0,0,0,1,0,0,0,1,0,0,0,0,0,0,0,0,0,0,0,0,0,0,0,0,0,0,0
27970_2#189,Rodentia,Peromyscus,Peromyscus megalops,0,0,0,0,0,0,0,1,0,1,0,0,1,1,0,1,0,0,0,1,0,0,1,0,0,0,0,0,0,0,3,1,2,0,0,0,0,0,0,0,1,1
27970_2#217,Artiodactyla,Tursiops,Tursiops truncatus,0,0,0,0,0,0,0,0,0,0,0,0,0,0,0,0,0,0,0,0,0,0,1,0,0,0,1,2,0,0,0,0,0,0,0,0,0,0,0,0,0,1
27970_2#9,Carnivora,Panthera,Panthera onca,0,0,0,0,0,0,1,0,0,0,0,0,0,0,0,0,0,0,1,0,0,0,2,0,0,0,0,0,0,0,0,0,0,0,0,0,0,0,0,0,0,0
